,variable_a,variable_b,variable_c,variable_d,variable_e,y
0,15.667192376540417,68.13339646238207,5.142545939027037,9.131020522191843,54.015036475973474,1
1,66.05695600221189,51.36881966409219,3.9343284401794536,6.9338262276228235,48.47353921380463,1
2,64.3410579647552,51.38073601876823,8.863720105143994,4.570615644118858,50.03323236440971,0
3,73.48999597742097,51.04533298608264,9.817675709559108,7.014947702412436,63.2882808012359,0
4,94.1237641249794,53.7591496473493,5.326453385504695,4.28660490870714,50.834209333686886,1
5,81.73538368432193,67.39231117014867,7.010138264383603,3.8793416379952594,51.29283690089672,0
6,54.611515469727344,56.01969827239802,4.569675077380036,9.685787817288116,39.54171560318001,1
7,66.73998043278239,71.5366865791821,9.483749493023227,6.759418875681261,73.44044728660947,1
8,26.80598957129422,57.40551965573846,9.78611019824653,8.05666458561089,62.18397942185281,1
9,80.94634847991095,51.23383689158949,3.453323868331954,5.141830366066422,64.38550681721756,1
10,6.12107593427349,51.477946724328966,8.701945633655528,7.713670074231274,74.91511118866066,1
11,71.99511356435883,64.10547081286047,5.412391023813697,6.102904177305978,23.141395698288854,1
12,38.77335619229926,63.55220848708298,7.4757930976231295,3.337748943736482,70.70382362755643,1
13,5.9137330942592214,59.21098846386278,3.6860611238326637,9.968231431944044,16.286029651517556,1
14,17.484258373971496,70.36192260330395,9.956811612614919,9.529457971731265,79.56271394523371,1
15,51.049568242004604,58.654922285791386,9.208570520966163,8.916620241106115,75.73196466597742,1
16,52.276833746187194,71.86651628333931,9.564140568256308,4.005892745503305,32.513958827624066,1
17,99.78529227827418,59.763046676345816,6.218357013507168,8.066296467673553,62.04969273000825,0
18,25.052409733274605,64.5858964694977,6.50373462938302,6.165539313758055,24.400258193482554,1
19,45.57815672582082,60.343864569296535,6.833502806352179,8.641960075508536,11.161637218657937,1
20,54.55154407728805,65.13301621495349,3.5015999622108764,7.139047148309005,72.39471452569789,1
21,87.95854298561837,51.371109581332625,5.497470475642652,4.864447480174138,61.35574209951907,1
22,43.26696746767826,61.0359969723651,6.735563011329815,7.926376582675511,22.44708076524598,1
23,80.05454063068856,66.41920846431259,7.82124448526507,6.836179966802801,57.167241268160154,1
24,84.39515093934942,51.21899646679528,3.208860483464586,8.291347017074246,51.15378485160322,0
25,93.79083746618812,65.63808084540867,5.018441707774434,7.357323811401638,46.666332368762575,0
26,71.0160798952076,71.02745378547763,4.78974897732817,3.5354758247270945,42.757627756520314,1
27,83.32999822307765,50.28243106177726,3.706266522808262,8.226404560090572,72.48428421634915,1
28,1.1911294734127331,50.10765476268676,5.220432861126595,4.164906172573966,14.874253819116822,1
29,91.09388155132206,67.07757389420327,9.138506827210392,4.279027284637948,25.04995528221891,0
30,93.17879360486609,67.3986199244177,7.330313787082975,4.439880797588977,53.557536154882534,1
31,74.26835101976023,71.7389326196298,9.63312322681815,9.123361814123061,68.201866201527,0
32,51.93558068042871,52.75226701810052,3.0319425020521917,6.772516777999876,27.68345335353845,1
33,34.710938653717186,55.958983480887646,4.889549491146436,8.843668186098757,71.11805200654229,1
34,11.32154467605938,72.39496054353813,7.479673596736417,6.679102714487161,47.84445481886678,1
35,49.410371381193904,72.99624163203553,8.47190407135868,4.022054225671596,24.56328416722921,1
36,47.53011368199513,68.03913853699922,7.8224038832663645,6.258413669766322,68.74877455524388,1
37,21.013267710851924,59.362900817012374,4.558544960412791,7.9813070013406255,66.32470607960357,1
38,38.563450304309434,71.09997753836664,3.4405591335043946,9.278858215394795,61.80117272038777,1
39,38.53241137315966,59.7285505437992,4.980096561986366,8.87489281884192,44.74786926651028,1
40,38.32890520215447,61.07929675978176,3.545448990112241,5.083014210162467,26.903567045402028,1
41,47.37451364443015,52.91431840391436,3.9395660251448343,7.875734843864588,33.52281560664596,1
42,47.568806451719304,68.9110453940769,8.624931210619593,3.961048886234813,78.52153513263477,1
43,56.18821471669754,56.29727062591862,6.413225109030233,3.2342327178442343,40.719313090243645,1
44,56.131252640273075,66.48714135343884,4.064830811329167,5.615737172250221,76.62912965657559,1
45,92.71306759588114,64.04005679716592,5.070877603479709,3.8951329715265137,50.30810214963758,1
46,89.19121562969327,70.2620710463433,8.227349857100048,4.691240477546673,59.14462161500681,1
47,13.330560149036351,63.11107558921027,4.862336415351082,9.70059955300493,18.912001752641896,1
48,57.523952326803474,52.00492056017422,4.885877995304812,4.470641009315788,36.71020319774891,1
49,35.22698055234341,67.48492684453468,9.697598492929345,5.902921911814325,64.69738115723027,1
50,27.29831887810522,74.99060244187383,6.729113215364338,9.835628251921253,19.971588817590778,1
51,54.528455165483436,68.78513343117177,3.0555215588947533,9.86887813418586,33.75280393641214,1
52,43.3938962489543,67.6093913714702,5.998403708612127,8.25831058515719,55.90771492316227,1
53,93.36294605484738,50.38711501737942,7.297785295073045,9.365812727533003,25.694300394662335,1
54,42.51379176401336,50.76168435577677,6.894497762173381,6.547495515666471,27.079385548724186,1
55,74.58936813794186,69.89964523890819,3.6702444237987497,7.827286461800933,54.67814954481153,1
56,65.96220223392372,57.526818838386276,8.042951908706579,3.4018300267434185,68.33953085022263,1
57,4.619856706008585,50.57931998598164,3.60876768083697,8.36367139929698,28.808158092612164,1
58,3.3204435484427974,57.08537205785184,5.4942480130427995,5.196443546759484,33.17420263901671,1
59,80.96812393308367,64.34463286267315,4.302927743543277,9.40894434789136,63.309820834849155,1
60,22.885210421662784,74.27779570105554,6.374742925939513,3.5826437388151793,51.61224642360769,1
61,49.72901528042419,53.85441143816511,8.53306795131967,4.142343585983712,40.407880189436355,1
62,91.90105897663673,65.19449925041754,5.89118089507947,3.47102817581483,21.25001056951978,0
63,81.8800122337575,55.973643618182265,8.494829290039194,5.73450947391885,85.36933743972327,0
64,71.12030909908863,59.235826640393675,6.526034685756485,4.263095744152938,83.1260712903119,1
65,60.93771999360077,67.3800411051161,9.239334603641204,8.823541178207055,63.70908954269984,1
66,0.5359364859448101,72.60330608476212,3.273142505638383,3.7714748139301486,69.73489683360393,1
67,3.6142500311991066,52.85160659563591,7.77708813188549,6.130457809854602,41.618989124764504,1
68,71.86108498197915,69.80578130780442,8.710714994916755,6.903896026773721,41.8365734470394,1
69,80.1080895782032,59.88985801791948,8.828940598981582,5.3101454222929,40.0250433804635,1
70,38.269005739385186,67.92823426588396,7.824697147326287,4.27455417104548,68.28415446648665,1
71,47.36309636653354,52.923327832722485,7.023342812368601,9.380499519552032,67.5745702536566,1
72,30.529372313887958,51.244074223133495,4.442010294263529,8.724059387956858,44.6630052583248,1
73,11.51198109223075,63.069145181915715,8.560720347236119,5.091062512136622,45.2887211218428,1
74,89.55546036833921,61.054344496818246,9.532940509345625,5.70704962384459,85.41176374111008,0
75,38.59542629697573,60.28354839437969,6.048128212951308,6.473137476747436,19.60059908896202,1
76,70.38283871767325,51.14642048407711,8.500853036472119,4.434088618302588,11.537850098569763,0
77,47.28314196487317,53.39466804714769,8.128751308484883,9.958074203537238,62.61734224341084,0
78,89.19040910388732,64.41367666422106,7.831109747759821,6.356735390916585,50.25160447671675,1
79,0.032360458847413565,60.685989505176295,5.280566764514366,9.72181005858758,47.28582305464309,1
80,27.762354914640873,67.54199792464586,6.2212369033498,9.644107196956018,80.35271251299943,1
81,8.616870581125891,74.72863702070812,8.619945108885519,5.90631894766733,14.712617745207975,1
82,21.059347754414382,74.51525529063454,5.893962841918173,5.7239561900085345,14.88968100152537,1
83,78.42253661321196,65.17866056515241,6.869358159141502,7.028584293176275,83.11897853398688,1
84,13.06519967541604,72.23428207685313,6.4450174442568695,7.004733590527366,16.712743533094606,1
85,66.70018609076503,69.50606475713798,6.649277126878778,5.763021265073258,51.89446603098359,1
86,32.659397567226165,60.232615021995116,6.891842982566261,3.7003785217586316,36.68925529259546,1
87,2.2741124926469847,60.37170190920758,4.741118636147287,9.92189451389898,16.706826123602085,1
88,53.40004131161179,59.056298564735535,3.3870367182844046,5.040790039821514,83.47175015102876,0
89,57.303876036520116,58.65802221959606,7.570624729429413,7.243324975200739,29.921590974257505,0
90,58.365813318643625,63.69653488326223,7.300733847749742,3.494908717521409,85.20721849530199,1
91,65.55246593555077,56.21640979769626,9.896210666219305,6.233193988063905,18.553971114114955,0
92,85.21328417653767,73.33413610123336,8.993354266088797,9.75655614213845,57.34917334595219,1
93,74.37833578227688,50.77478059099641,3.1940897273142523,9.06185798408501,64.69966548563686,1
94,19.017442943055606,72.48338416433877,8.568250027785375,9.874328780642763,61.968214753940785,1
95,2.0411694506433986,51.400500635017224,7.611439012937125,6.409283247138465,32.23401101494469,1
96,11.29303998853125,59.38326387656934,6.922425210549331,3.5420758047723986,81.47682259800042,1
97,5.5088014857318734,55.16391739103667,5.910093762908196,5.963517014890563,65.73429019676834,1
98,9.42036087331114,51.56791209483385,7.380657068303821,7.715845088721551,24.482546427291823,0
99,50.269124308191024,67.08701895736394,9.901379820780805,9.705548658115646,53.124292677796426,1
100,39.708836432225915,58.123340695902975,5.572690042338296,8.377303729480978,84.95610555603264,1
101,71.37008056248642,70.96650169481332,8.880428147411973,7.980467077554312,67.09906176268214,1
102,55.46959817484207,72.8901427269227,4.967154931613999,4.6278830178762345,51.1344595762249,1
103,22.557960583093717,53.521358853667884,6.853634176872546,8.314957715946921,30.266365169744915,0
104,39.48180668055158,58.229785425442074,3.9427256602424294,9.434048390946833,47.556488634323564,1
105,2.807075799995007,56.35952321835657,4.189520694398281,6.39399987708934,79.98693481844533,1
106,99.4121911970992,61.037435522184204,6.225129219895308,6.036728861652359,24.56250882734411,1
107,23.061498354014788,70.52664602062882,4.37818716337161,4.249340752313907,25.084300656923457,1
108,67.3484610659515,60.62387963445011,6.3809017569499105,4.332214079150768,61.526324048211755,1
109,98.15504669334909,53.42912966803701,3.429346197153802,7.602194833973954,65.84375071468773,1
110,58.851060917090116,56.14873939470785,8.285116918136577,6.25116556976762,80.73617842572776,1
111,32.20651399634327,54.272721606395756,9.93885671411564,6.93358027662503,25.703480667689202,0
112,3.7167031957398677,65.97874699504708,9.308846666812572,5.995780588676323,71.78061481113261,1
113,8.202723588629912,74.46090672889906,8.844604539608898,9.195989781838886,68.47276820624819,1
114,87.43582596757223,51.96823985947055,3.884271044629811,7.515653993248727,57.366475334392035,0
115,77.60733337942288,65.77233297569802,9.86503783758302,7.007619815431005,25.821553812472313,1
116,45.90394497408635,62.71400354737608,4.331468792477587,8.117387788714616,44.595362732935456,1
117,63.67952589676318,52.87933922153886,8.611087659178885,6.47915453455008,38.39462967197908,1
118,87.35438296002461,58.02240357168491,7.879823766545193,7.376073715096824,30.570476268988028,1
119,80.30753783554862,69.70400147019569,8.656637496612142,7.687724023506111,15.734581205921739,1
120,11.706794090773043,61.942307210925094,3.3466399154884963,3.73536736368938,61.36314322659749,1
121,19.97847875102724,69.13922810685226,8.519418908573027,8.927134462950658,39.35805425363441,1
122,1.6583064377043377,52.33035856084548,4.433125770877687,8.317053525155487,82.58521255183018,1
123,20.8870548900977,62.58764959076911,8.692015612261184,5.567801986516162,79.56938159924978,1
124,7.944250126107589,57.501116342011066,9.273037923023072,7.606930579751133,61.9729724782436,1
125,26.18660656210049,65.50714495572562,7.056328066037286,7.589078879409398,32.155474035864515,1
126,28.36433066913414,53.27931864217802,9.086827625099072,6.013907867832998,23.483384297468884,0
127,22.05541265768457,61.71545737355683,6.56880132205095,9.441866654557117,58.75194963093755,1
128,18.33829916711641,59.608137665120545,8.51359733834051,8.914384883476668,38.504372717215034,1
129,30.93066562079447,56.23839689616789,9.849576946641367,7.945867398935798,73.85761104635068,1
130,11.83164372445159,53.30355652548564,7.546526985471307,9.842815011600809,59.03433217753677,1
131,59.57761796922766,60.736909233504925,7.226465262994285,3.148651011478135,72.22873553104637,1
132,76.40675288851148,74.93991124521865,3.74360554787984,8.969046673334034,40.08940521656599,1
133,84.49552563059781,62.174157489577986,3.999543564314587,8.357251629589115,56.44443655183918,1
134,31.53357497630116,64.54944715445635,9.527900037530067,5.837641458698021,49.89136589803724,1
135,58.009788984001496,73.57406851225056,6.240661747519372,5.091536591833448,29.263016696149354,1
136,76.6433927346094,67.04267338127488,5.812714034373677,8.239037382870045,85.90292597607916,1
137,4.884492725978761,55.44021922276392,6.9015282564480405,7.988575847932832,61.34176717167414,1
138,48.55984514830355,58.23289391368565,4.5133665380876025,9.802262367527305,52.01827409302312,1
139,8.077272101594701,74.86823678265324,4.798531198821757,9.64744776538398,32.081379936167984,1
140,78.89985839906363,62.771918349660254,6.521313351680963,9.581963487258594,78.60931912076794,0
141,84.63396169776699,53.661038088978394,6.930193308566005,7.978717813325027,72.15371072034563,1
142,50.53327960658925,73.06259538161916,8.218509601317031,3.7123514801161406,17.24916286284757,1
143,97.07444102682123,61.41915237324393,8.919427382451346,4.764555516425791,19.082820264912105,0
144,20.84778886646862,53.82281343589385,9.222772525997826,8.080454636940459,16.936016708154348,1
145,42.66088530932009,61.996158960687254,7.144509684511711,9.820958730774437,42.64636977904564,1
146,76.97127922856303,57.38018631269597,4.011326946981163,7.979894305002322,64.28202153411213,0
147,40.485854552651446,61.192549434493436,7.039871144634799,4.573862454155369,66.49964092972496,1
148,66.76047034157008,60.666813418597364,3.0562015061558316,8.843903627006714,18.629039181751182,0
149,75.56499992914696,69.44123091803797,3.397535010924831,8.097454726457176,18.38018803775979,1
150,49.24286857045609,70.39715203941245,5.291717141171832,6.716048338538111,45.14547577893356,0
151,91.87871156034943,64.29690246208224,9.948677888530732,6.399674430338716,53.75542024110878,1
152,91.08143136308243,61.67307493193732,4.104220322519321,3.1074025477311227,47.59310729593606,1
153,84.10847450356721,68.34510643944294,7.01685360116984,3.539006385623037,78.87812112180474,0
154,14.256832296904086,66.73852533670102,6.918161086999685,3.3460896480688227,29.7939580273048,1
155,85.27440646726777,50.915144541933735,3.6888862419415775,7.176604269521985,24.55851544778256,1
156,61.47625256088705,74.40975388992996,9.053784461042905,5.34358148814073,77.18235781302366,1
157,65.86319188718129,66.0202918555249,5.9667201250441,9.06805035613589,50.80102253411334,1
158,81.48689633149979,52.61655767548477,5.9561495517166545,9.65620805863798,60.381465791979515,0
159,71.05022318221789,58.913665319461224,7.714292917612432,4.902284139105871,35.45860608340589,1
160,44.21819587312105,60.07567255351819,7.426573334025789,7.6930746970111095,63.06381526729261,1
161,37.53135803236943,64.72362308032986,6.9987270600125395,4.641871021339475,59.387335915149045,1
162,65.52365891694183,74.97621527899442,5.125748666231544,5.181391701081948,35.51416033237041,1
163,1.6422504780091107,55.50231058554603,3.9709061988763263,3.9663712733994783,43.29510036530628,1
164,44.669403620231904,59.3650732178902,6.846105414381741,5.197310716034604,33.504239619592894,0
165,40.72247676678773,56.63178766534598,4.712657797292252,5.664314975097021,31.662235389047844,1
166,7.107130454229016,57.218029402762355,5.2649507279375225,3.6687379940695264,11.867388720336205,1
167,77.08036620158185,65.52522224398646,9.319690898205195,3.5139957594812783,32.84918310127867,0
168,6.757908483269648,69.12415336771404,6.7617206195269075,5.012213270820084,15.847975870313487,1
169,96.65514468168355,62.105353661058814,9.640052146451731,8.218254532264009,66.68076404577667,0
170,28.692126121209093,51.27123333559639,7.419579865487494,5.22113012969262,20.73630548523775,1
171,89.47588303217896,55.150734675824076,9.849309719496725,7.419363751935714,80.19141535141122,0
172,12.657650893104966,74.5872827787909,5.584999819952732,4.591173546437796,58.858950874937904,1
173,34.52570533698892,55.86940753059759,8.391818555276558,4.6509810066615636,48.92582401221204,1
174,47.169134618405174,70.03110993797478,3.243835247563151,8.143473673312887,29.39037639463292,1
175,85.662996922742,52.2649207212667,4.670176381039819,4.4180223438001525,22.925898969497524,0
176,9.301444504406808,52.66445431674995,6.3078511595521185,7.810925264430606,60.321307932660446,1
177,36.483973580630625,56.939129634004466,3.095773666416812,7.475347154546152,67.77059107332636,1
178,95.30791939435946,54.04402493923091,6.651659806699383,4.597071308631098,65.79535959579164,1
179,27.403894588255117,72.50986752698098,4.397146772523133,8.575850447964402,59.81738408688018,1
180,5.870929117220203,70.22558652825356,5.367425116327637,8.542342526586705,59.3167917679986,1
181,34.65723716981181,54.32081449893826,7.416260346321786,4.477606409770907,57.53420646113132,1
182,60.497417143953015,71.90559553876557,4.436670754402632,5.566085982443967,81.15260638075843,1
183,51.958472795192755,70.43710367079589,9.730095351268147,8.04004494502654,13.501966212343977,1
184,41.848776474463115,68.8353946501155,3.3266999361329987,6.705307016178184,49.17858515063703,1
185,79.09267760581065,60.48594966536575,5.834021458069058,3.2035085391174722,14.9883663734574,1
186,64.41613517220247,50.311292516251704,5.190685291205569,3.5028416856096047,12.983512881447384,1
187,62.788656084895244,71.4111696483243,5.476243532215591,6.139655836947155,32.195093599626404,1
188,1.3187023477982285,66.96002238193172,3.456564737223287,7.63973575833297,62.482117357694264,1
189,98.65732316954127,52.88924693114011,3.247155163370735,6.878347787041841,13.43283765780127,1
190,43.089853600556374,66.27669612386308,3.3456467592459678,5.874296562604293,40.573196269203635,1
191,32.207703575044555,55.201253917427515,5.8271280639738094,4.174527825682326,72.35207324510733,1
192,70.07476155743359,50.98775632592971,6.6660522268371505,7.616917341405002,67.19992112728247,1
193,47.5981188132224,62.447846877143895,5.721158853037133,7.309913296712996,80.63769860528697,1
194,29.94707452403631,65.93233108273233,5.848542351741882,8.33188635041467,44.07019676155822,1
195,25.35086182079327,68.36701581271149,9.364723509608865,8.570410688066064,57.2914656348832,1
196,41.94275065236804,56.92932173945416,5.017114405432525,7.0790828560052015,56.94731499665174,1
197,71.68543852064516,60.90324059242205,5.912394648976865,9.080946888823163,65.65417985114425,1
198,0.18025031814861148,53.53461196291979,9.911475830708435,5.020130918778436,47.34280006381129,1
199,28.577916606657784,65.35364371500819,4.7763715581371775,4.787786108579217,25.187430116554374,1
200,97.15663296608511,59.29020291541194,9.673704034139877,6.620305726409559,55.96000979597659,1
201,54.00107743484811,70.7751550415782,6.281246146173281,3.768008531739208,46.27188045196295,1
202,96.97061194593776,60.73818809324718,6.997073804846093,5.17164326771377,78.45181149235749,0
203,36.27133931377438,57.526530268922734,8.752348691126688,4.421155618357981,69.49456759004825,1
204,98.30030426029063,63.90698682629802,3.913134399162569,6.2445646068404255,54.85455259388161,0
205,6.836805700873039,60.25870992481457,4.149347363277318,6.335689049360338,77.15361074806114,1
206,48.13016703499361,53.3475518550514,3.090369793704129,3.1421229514837923,30.62208105326541,1
207,50.64694792454998,69.80910925278808,9.626124995038078,3.904651071256616,62.66534512225765,1
208,54.883973995248844,73.96424976448067,3.3600228388049493,9.786726356642816,29.415201889275234,1
209,69.7403773973841,67.92578803856513,9.169506145243883,7.771564999829904,34.001698490890206,0
210,53.992650599282335,72.43880600995081,9.476609910365873,7.424153325862942,79.97493855926099,1
211,91.04212253346645,55.50072914195697,6.426234281091084,4.2159096533162295,35.26774107548188,0
212,37.10541006442379,58.37828286186666,8.871045608927737,8.161739994025421,14.058937880328125,1
213,84.29492748626012,69.37680401545622,3.5055180570430853,7.331973583308187,78.15793930692955,1
214,20.464083646384623,61.15927234185095,8.862665823619643,4.1850030846926005,77.37400320768339,1
215,46.540323668815795,51.63292029468648,5.934690649710373,7.789496516388621,29.057127832167442,1
216,81.75066714057063,55.650253965819175,4.514520843118423,9.52008522716158,69.28134754367625,0
217,19.254410393061505,73.34881703508478,3.6866105887373637,7.508573966100988,19.775175567176554,1
218,70.96110664634267,58.3354293314794,5.247681136994724,5.7790396470104515,19.49489155181992,1
219,96.26237247066159,72.12921949918167,9.641794578283625,7.369690963929669,70.68300214971401,1
220,96.13813908159202,62.30854881603079,7.929359600341366,3.1193260828324325,70.6334146658163,0
221,3.4344214991814725,72.48841323274108,7.213511290355367,3.187813081246194,12.996962627445528,1
222,92.82111812034466,65.61887244869814,8.824901824518795,8.542714009376276,22.791490246581393,1
223,2.7617676463474905,51.79402482658789,6.2914013578817105,8.86140612348892,66.1915573654208,1
224,46.81266106354156,74.07030637647122,4.505237352779197,8.521530437050815,29.09850191884967,1
225,48.659029136351236,66.02281986191011,8.32253130791133,4.051903289967453,13.139847735108049,1
226,56.538134708285206,57.778402938894544,6.676217394701926,5.844841332450681,79.66830277273256,0
227,99.95158861595776,55.10373637789141,4.681007143542461,6.300796738892384,72.07700903761577,1
228,87.9359193605324,65.9587218355045,5.863748077433188,5.062259337806614,54.28371605781017,1
229,50.809629128293686,56.24426027855982,8.617465953245087,4.5315618550214705,70.29208406830253,0
230,20.536962977029326,74.35272087214284,3.9587677455731134,9.056615739738593,48.07931314293349,1
231,92.44795351596919,57.85345988544026,8.312214214627572,4.182066086001312,73.37600216274852,0
232,37.90472930232514,54.94319689894297,6.91199556072058,6.266861791444506,33.556568510838325,1
233,62.174139072047986,56.83502821255492,3.67278093467138,6.199178899743048,18.715661064907394,1
234,62.44773938281972,61.50413970110165,6.940998655055889,7.851931039302679,74.92666693111222,1
235,13.718450977896701,58.11481417557087,8.961994100796694,5.124744970557063,85.36308556349297,1
236,92.1591729631924,55.37047758648194,5.764966539405955,9.207392762906832,66.36928432099172,0
237,24.347233268006274,71.41885923162401,3.069486410673424,3.785025795133151,34.30193570261238,1
238,99.8265286921348,51.34963456009135,9.756574489290891,3.9320164791029244,41.46790499374469,0
239,67.65383948836556,53.1069783834013,9.43220338722776,3.3199377355337205,14.999813279609157,0
240,80.85211987007787,68.69705853165681,6.272488669946384,5.045547037907461,85.28289881217853,1
241,42.4674274703167,65.8131504700031,4.650716674340831,9.002000123532511,28.187316141354913,1
242,94.95397481377908,73.97414933474957,6.327944870067208,3.3337607033318206,85.61214545278919,1
243,31.348816829011184,60.976410060774455,5.869465677597438,8.837724524463807,22.01134789188749,1
244,74.27366364059375,58.811759387654774,6.7350284162597776,6.319215265957874,50.96271052619776,1
245,38.620401288934836,61.178893292540316,4.436231808749941,8.170571519595175,28.261132240225823,1
246,62.437342118755744,56.403672625658935,3.7552004125204803,4.575114025800288,51.79864201564979,1
247,49.30339930207078,57.96073544367,8.585835113939563,7.23600051819486,23.88489579160976,1
248,74.5213443819431,59.81215607180245,5.086739104077504,9.423577557842577,13.024893982064738,1
249,13.179109248678877,61.02895286708262,5.609743276514002,6.696314177533478,43.045474748234824,1
250,4.2757116342714845,51.19450944031199,5.437762117427036,6.3468452962995165,36.00497809554439,0
251,44.298427316810304,70.40138979668123,6.429487217628587,5.554069164181508,15.409258972737376,1
252,42.16658359590871,70.31576445351652,7.387358232705683,4.509988999874293,73.10458838713714,1
253,82.93599214847744,63.25564655508247,9.67461178165161,7.1784443749994935,64.93031403780373,1
254,66.6661316014648,74.06360600233859,5.0271444183950305,8.370714453901856,62.09183869664002,1
255,37.17086197354159,59.61560761946416,7.5474983652961045,5.616355037466256,37.69466914823653,1
256,26.82146771827002,57.996057321679416,3.43620226724933,7.219926088494827,24.24189354533887,0
257,67.1282275103307,54.93251662629948,4.136801715554121,4.190346953520046,75.1621271243784,1
258,97.70484233881027,58.845209294609376,4.358648988691178,3.735022511481694,14.016341898351008,0
259,79.99871611145795,69.59393291232881,9.883861062204485,8.462764644680266,17.11664801779897,1
260,28.796066427618307,54.24256711270727,3.6733760989188364,7.534988086720282,71.05857140707006,1
261,17.92684210413491,52.78043517742823,5.332228980431442,3.605192271568149,72.75608862772737,1
262,36.19089093218237,57.80101132015862,6.120677557733245,5.427875155461551,79.3398910119698,1
263,34.55852351236346,71.79773307049007,4.481575492927893,7.252308098522367,42.069020469207956,1
264,95.03115185226432,53.810982580927714,9.173108280284524,9.122512748458472,47.17025086940919,0
265,14.253762424290105,59.215650557424155,9.194702153381058,3.4665212323058467,52.037105545292206,1
266,59.418419652346955,65.53576411227786,3.9098443955936193,8.391340242831305,66.56333982263013,1
267,99.77342279600447,70.92424536886699,5.712979848216782,5.20715695472658,28.568880140046403,1
268,41.024212983776444,68.79385077783576,8.459520306256135,8.287416927431426,69.09148114684089,1
269,88.2177924932757,72.08794896842632,8.269224129085185,8.6322753735101,43.68986048122045,1
270,47.943611559100255,56.92722432547637,6.0069069936769655,8.34975671932665,60.142317434097684,1
271,25.79877138055351,64.33698314305445,7.533069592093914,7.890124416248862,27.4690762886546,1
272,53.12418950911461,59.724016308253056,6.515614968620307,8.474466197140085,76.6026966646219,1
273,68.87920918257811,67.83197243281244,8.352193296675654,9.336821053578564,23.282658369466493,1
274,91.54577057551607,66.41842297513652,6.1715444071105825,7.02567314277051,48.26896943321521,0
275,22.002579174627957,61.97267738562637,4.309634928371112,4.888011056583183,18.596043183904293,1
276,61.396563736713205,72.97031389850636,6.2199683796546115,8.865439355330356,37.77587340556686,1
277,45.9912115655815,53.24654705279817,8.660665782674775,9.17709745713265,29.000051330603096,1
278,7.656846875873868,55.346171543046,4.074615778771796,9.067954929649582,74.36344314081744,1
279,18.98478858877969,58.69768778584639,9.394911016645045,3.292311000046123,25.939463632977592,1
280,50.94821930465565,65.21441933959468,4.404419445334177,8.24833400724772,64.31423963273517,1
281,52.10861200010996,68.91695335396673,9.714571969070816,9.000342583011351,27.77080736547804,1
282,78.3071709414499,63.6657801161618,4.69277671355411,6.446112752422261,56.12526664709107,1
283,9.068793895241223,62.242274831462126,9.550129124656499,6.088149238512663,57.92491078714722,1
284,14.260674571208865,65.68457400191072,6.834063724708191,3.964250638258993,44.12531695754109,1
285,38.99153807340463,68.61820361332855,9.283520978854595,7.422727900936872,60.73266626025361,1
286,9.569847995120472,71.59330395124229,5.010770892753749,4.388882251316602,41.78514440274119,1
287,62.23114693925762,68.04634632061939,6.468097932139924,7.844343014996946,86.63506497720226,1
288,95.2230168425798,63.460518917978135,5.472676914939828,5.085433704511287,78.82341916216166,0
289,37.653337736907176,67.24976366116024,4.129918544539643,9.85730988356728,66.83276401435333,1
290,29.183232226797685,65.55014950280305,6.808365524469577,7.930470925760752,48.079859551037195,1
291,54.834249046667715,67.32605897109606,7.028012886106583,5.082224897487521,19.25861329088887,1
292,97.5541392988436,58.19511194148893,9.258478815656272,8.05996653726261,85.72859885496224,1
293,61.666869518812696,74.17598974994495,9.709527008715181,3.0921398175751595,57.56567404997602,1
294,44.75182610197873,56.89651897496525,9.775007066225168,8.51399391219941,39.40653538805344,1
295,42.41548413252709,51.44126184740858,6.1307013327255495,6.848120524420983,32.34836124240508,1
296,67.50814565343639,67.51640392208898,8.426736795124512,3.1611796649672286,72.23441769791904,1
297,49.649340935087864,66.1654020052374,4.470181865477713,6.972413753767002,67.56716679503427,1
298,50.429259741969425,58.90464350418945,9.389019660133801,7.790765979487773,79.90102567488962,0
299,96.41476493295555,63.79132538530296,8.19329417124086,9.13462189855574,65.79979943168466,0
300,46.551810616226994,70.913184214761,8.226762490076808,6.59049759373643,74.71220857290915,1
301,13.276736204496853,59.61961173838497,4.122222169119473,5.578755327800973,15.148682789234488,1
302,93.29680794461555,61.68857990955529,9.472753628941874,7.591540712933253,25.022651129854502,0
303,29.794730028378915,58.40703915864722,9.51960606270563,9.347510333433492,67.02673514128328,1
304,78.41066406929136,68.20045680891347,3.8714416622803123,4.10733414461728,29.342649954039963,1
305,43.612901936222094,69.33873335584192,3.6207829026265057,7.489835598223654,18.01370101794494,1
306,48.56612848731932,61.85140336619321,8.679947858656824,8.033752338411379,86.63493856102615,1
307,15.664715901827186,74.4063560997774,5.0961467454063545,9.330563027112504,73.68032840833335,1
308,29.062679197128983,50.14956805991959,7.3655831154184686,5.777964028290088,69.06571575033966,1
309,37.782372546322364,61.514264197875484,6.133237497128294,3.0979918296053457,28.32541208026956,1
310,63.57263389751845,61.92255633966149,7.753354007483947,3.1335949293748024,66.83238752216522,0
311,16.388240242372643,55.077933322906304,7.921486876425641,6.527916293254479,29.838184903625617,1
312,80.68731792660265,61.03007967052365,4.5443534885512396,7.156135326178377,51.01065950779892,1
313,91.2261195779891,67.93666396387486,5.822139119218769,6.880574651090658,38.925198602533136,1
314,81.49177641216903,63.482003060426834,8.189140106753989,9.617190267687645,77.4146287576619,0
315,51.54271377232732,52.909433807036166,8.002145734539104,9.80163255935981,47.7621110470316,1
316,33.09965137445579,67.28916822821682,8.6353427235474,9.838385502624018,73.80489160560812,1
317,89.33118242155913,51.207905158990904,6.38227716642711,5.725709492969399,84.35612442266313,1
318,12.260374373057203,60.019907572086524,3.215968485113249,7.741454500570768,18.610437917004965,1
319,55.73311793179101,71.33402931218343,5.236337125605067,8.105730172709688,55.92791781188729,1
320,45.36158814177889,64.68757866563081,5.370709167563227,6.36859761072413,65.83785629576046,0
321,47.13113807248814,56.811899403018614,9.311030706834238,3.124762435740955,64.66559941944152,1
322,69.22879383977101,58.517714533291326,6.198783700858904,7.1348067113108495,19.974703505154984,1
323,18.185455531651396,72.11716885567029,6.295472475301835,3.466212177285364,13.48726153816014,1
324,23.790022054850734,73.36706179392516,7.370837829628201,3.0703041024678646,60.51975361282895,1
325,45.78149868675149,54.039163081930006,8.305937437620724,8.655647571847243,81.74059256870827,1
326,37.00240491186325,65.97109171976814,9.295188714253285,3.1909521814707853,39.52121282378832,1
327,63.62336344556395,62.91048033153237,9.126079886971805,5.789346335356562,28.66001297833563,1
328,78.02107834778941,72.51110129751987,5.916774439947339,8.081693478025208,70.26154341548863,0
329,98.39540497116302,53.79185328852498,4.2929418087363045,3.320406547520214,50.50215480963482,1
330,94.80550443974494,67.10166648362431,4.172187887445842,7.435459238369178,42.71391687321315,1
331,99.7458468742283,63.41522197787263,6.489201290400583,4.2219303635367424,83.76059073174835,1
332,78.98059388717233,63.73340855277487,7.831387302886869,5.972789476663242,19.92985161792109,1
333,90.22694931167942,61.92032630068819,3.3981901153569094,8.581160971930206,15.607398346703558,0
334,89.79401908034606,55.97311657504021,4.967605999292523,8.755809667398193,56.70742760477418,0
335,90.64791175318648,74.80168230632206,6.007431039876922,7.982125102415822,61.90371172370527,1
336,14.890964111568373,51.908463442540416,9.511300213190133,4.563104628967737,15.725438614753916,1
337,10.56303939954546,65.812321448467,7.914566663294347,5.949716514449196,12.239125399483175,1
338,1.1786139155524178,62.92913314959503,5.401867826342025,8.464257750169763,22.182374828523994,1
339,24.745482374821403,65.35606846013054,6.1022791313520175,4.358068779701791,48.797604936068566,1
340,59.796077426725944,63.09013112775451,5.749047567525066,8.671784338631841,61.75211377333276,1
341,1.821056527952658,69.42472052713083,7.767873054716863,3.35828136118233,69.38425930559328,1
342,34.11329867593802,62.20210573064197,7.236978681957773,5.20694208069059,79.67956863649673,1
343,25.619345996496733,63.271634759074814,7.785341393536697,7.194841557380149,71.79077704485829,1
344,32.691476658679385,52.297127460706186,6.892962692963906,6.850366463639302,25.268052000169796,1
345,10.675310099933444,55.283511897732204,9.900371643918366,9.109182816127204,32.000167007881345,1
346,20.812501710964646,71.51190889314657,5.538415400684812,9.738179816590076,29.760537186737253,1
347,6.180766407883631,61.961580300348714,8.132325411190067,4.365625413272632,77.78848488952079,1
348,81.79697301505804,57.26776778997468,6.995580254959895,7.002764753626256,54.45745635141647,1
349,99.27819799552783,71.07694352011484,8.942433962398237,7.695505276297519,45.52535752354795,0
350,7.79284229622662,71.67470709291749,6.5477426591269055,4.862045595825725,60.391172889309445,1
351,11.25368646142213,51.385051821892546,9.246035057943693,3.876036942985539,47.59170641376529,1
352,46.72803426685689,52.70341753742069,4.737553761951131,5.847670439564899,35.151566444013135,1
353,24.466234233668473,70.44127996127943,8.413605939979405,9.391467282202662,74.26760831393389,1
354,11.515640140145567,67.72497688820916,4.520600394186035,9.846562677841497,71.81160768644105,1
355,93.01674804072681,58.897730182622986,8.430393171099139,9.622929617812797,27.56037890634982,1
356,45.40975893547605,71.30837388540732,3.1066388087127774,4.595968300194451,30.551451175270802,1
357,65.84809219532958,58.731533544762144,6.128904592149033,6.639035514201846,55.223140096898504,1
358,23.678890192984092,74.81020949835224,4.018717799105266,8.72241038298455,57.672946495463584,1
359,0.36072415556495097,63.86822982233291,7.816349106397669,3.4806767415479962,68.07914108004296,1
360,75.02579001495994,60.022867766482584,7.859512457677089,5.184553379470942,66.55427428616514,1
361,32.525635390905684,57.445419113084355,3.206006905983125,4.720836692618665,12.150950720774556,1
362,57.64896780965656,50.88850413444552,7.756315758112675,7.769709533713307,78.07022959860596,1
363,49.1753585929762,55.589294736298655,9.090034458450305,9.754876101473766,71.07164123054734,1
364,88.99394869878802,50.78299762937334,3.3484743849311953,8.7041537889851,44.204151872946326,0
365,13.079382912839488,70.72438099536319,5.951925861588035,8.026510034155478,25.977086181586095,1
366,30.055613394430047,67.41716180258281,6.982197970457721,4.04905215619276,37.487815848037286,1
367,86.4088385369966,69.14779523949544,4.476454515902551,4.058254123761083,24.889937769803417,1
368,46.92636220793018,62.99629955864521,8.457802550766523,5.494974757077477,36.35566751421737,1
369,25.99567603400854,57.316384649843066,7.3048843907275085,4.164666163538878,24.984078942970715,1
370,62.66900404985357,72.12766380070121,8.19767324954121,8.616352884866117,37.107303443614114,1
371,15.489060492673767,72.03089844192132,3.7290405805870757,5.813882024465289,21.860063625664655,0
372,2.7321443304188286,68.6338206287513,8.68196322943732,4.6367577700432605,13.125065514002067,1
373,99.12645037814627,66.60103151893493,4.9738727726715855,9.348879336621387,81.39333982041664,1
374,2.616805355366525,64.04482062919195,6.661483791596593,5.25926089604797,69.79506540055537,1
375,96.30731912221393,64.11384123993545,3.1450093707156435,7.4778967110573715,69.82607115930298,1
376,23.185872154406105,53.73102517312715,8.286409857116636,4.387858894658831,17.458826119509787,1
377,24.557900801792933,74.92902143509669,3.867363318858165,8.500720894918885,46.56028268238151,1
378,0.7272866525782851,56.431116621739754,3.306217069751841,6.15214221969372,72.59984941833328,1
379,45.924460571269144,70.89773871109341,3.277996910907004,8.296602487536571,34.58602792654999,1
380,39.87024867244183,53.776370496658664,9.961135011436777,5.122439094258484,17.051728068751842,1
381,96.48519950712901,59.1074198847578,3.7443009947032238,4.763618149937005,71.27728678314404,1
382,17.944867788306752,66.37043236211457,8.271172868084921,4.824277503347476,56.9565573151825,1
383,47.83763136093492,72.1486768766436,7.473850046140161,3.1691199658063587,65.83199310910626,1
384,35.59560167637319,66.55686253721233,7.605049494548714,5.85624361558351,54.582470508272316,1
385,24.94987651176378,67.49053408591774,7.2302822046631325,8.963161053760874,49.60282486121551,1
386,87.2166221194524,53.4469555081144,7.260269374516409,3.2354829435406574,50.144578191210655,0
387,12.216536533789512,56.99705548746874,4.488142386553946,8.43043780993354,46.98817923797361,1
388,85.86663171200651,59.12063193261932,5.870927589852666,6.575024957564835,51.60388338900855,1
389,37.659433880899925,52.757452167398135,4.271576117048223,5.663840995678182,83.51691927925852,1
390,39.83735229555786,54.840308774471126,5.2942095840072705,5.649315625249555,75.66981410292405,0
391,61.74289355811122,55.690559583299276,3.1051819794423023,5.3439533459272806,35.501723305997025,1
392,19.745462088340204,65.80236654606074,4.547081349604904,7.2130368140431935,42.83337106464286,1
393,20.22161609656411,57.912073554984204,4.980553139705357,7.747264153804072,41.04921467443741,1
394,96.63761821921538,61.386306910866026,5.933389875341213,7.18384511888783,38.47138587132308,0
395,87.25345807445441,62.15080814083071,4.714144011488925,8.818003662162912,18.565200846115015,1
396,22.915857503814042,52.87730461151959,8.586032978862868,5.866091544465509,11.541731440623995,1
397,76.56562873296066,59.58647602202645,3.093930037572764,9.302039919836696,77.51965385506304,1
398,30.613971005483155,74.55035874021215,5.466106718776116,6.056865433617871,71.52997476370919,1
399,60.26948965721054,65.60016806176361,5.003586388405764,4.898067483541998,31.08184135218472,1
400,13.737081262731099,54.62657529594573,7.870573794550069,4.713991702316667,45.06416471421154,1
401,86.123451298764,68.36889788496094,9.472623824865162,8.390783692643275,18.511090999078192,1
402,6.965619451841221,69.97095275479177,4.93282027025858,6.172734879946841,23.991703434282357,1
403,37.9621018079079,51.47945418892548,8.690039876462993,6.490315409252792,83.63406835062695,1
404,33.091226781310056,50.89559859277349,3.73100421422292,7.180427450877944,28.517461180960428,1
405,10.624054538150707,54.423353219747966,6.693334923730273,4.849898509332897,58.97579836196639,1
406,38.702870483199405,62.32429914784597,5.792171395582922,7.865273734763596,47.837167523957035,1
407,1.142590110443631,59.35631631391384,6.353041089405835,9.397523839709105,48.69393453252817,1
408,69.68426562832232,65.2595490785043,5.5857582954486045,4.213498131055407,40.34719424893423,1
409,44.976457868004395,56.10222522091578,7.4623867330950935,8.856498527524922,70.00453215535966,1
410,86.41007642474308,71.25786150148599,6.408887784725634,5.911629597714883,31.658656036049226,1
411,90.82356862417636,66.6786514310813,5.901056803274043,8.24791387036667,39.55609687131884,1
412,87.75439524257153,50.9381547286829,9.384968042502326,3.1865936266789463,42.651902818605116,0
413,15.027385028079676,61.99993803100815,3.3230271015072748,5.7580199004918695,79.60336157727062,1
414,23.0854542619383,67.72997501826492,8.733162311560292,8.510329116315418,22.375866654125563,1
415,19.058091481580064,63.75788305692206,3.3525693946180386,8.270485037366138,35.58741257965473,1
416,20.3224270739079,66.79199831098849,7.120313038271736,3.2123457867974063,34.5936129583888,1
417,70.09375428194548,72.2646535136137,5.618302204790836,5.618201615969938,68.90309779894918,1
418,10.453996236076213,53.15485414839118,9.341791003667545,3.3193380183393426,11.822202877109373,1
419,10.424478848407514,70.65968405382314,3.287872391866327,4.946714690985825,46.712800224665905,1
420,18.715880477638557,66.51481201471645,8.211077234960152,8.499499614152738,78.25527918170457,1
421,55.899089950571465,57.33870614289555,6.484285195126863,8.333698718637697,24.13935493064618,1
422,21.593117952880846,57.473678423367254,6.851605196693809,3.7019181921018616,23.43178301022693,1
423,20.287002941184006,53.806482137655244,9.342054269887818,9.005320705358304,43.117972455861036,0
424,66.12929251795579,67.5049449758546,5.696384186790488,8.580469864575338,63.301895456594664,1
425,14.138385678759791,55.60617525412206,3.7436965682928873,3.377796636899117,44.16912985383742,1
426,94.86364908273495,51.05253639695694,8.681064517826815,5.540325520358481,70.95748827983397,1
427,46.517891442543636,66.07049389576065,7.101421516496923,7.887810607252601,66.20851005277991,1
428,98.26914775603464,62.844486984110866,9.787830712023595,5.759912851459882,67.2744365612856,1
429,64.85127845821496,63.733157706179234,5.710343544660457,5.681063965457934,69.12657044507347,1
430,76.1626787003358,72.5167979665784,4.789076772808578,7.387131433298331,48.61063461208951,1
431,49.01393998180309,72.31299635778518,5.598322180294891,9.86390974199067,76.54658450691878,1
432,79.60619767108949,65.94878663328308,8.526267316245171,9.42737062693538,41.171528942850934,1
433,15.250378870979986,52.779590628602655,3.14976940313809,6.700125262708667,86.07260783248516,1
434,8.252768529610588,53.83339549733581,8.932404731536153,3.140091558081778,45.81235279237257,1
435,31.483088905387557,70.91497141961936,4.354120869783192,3.4458637926099316,26.825437607986533,1
436,29.278669644219868,63.18889183284309,5.616175212484524,9.243413475941118,29.95733317359218,1
437,0.5899350523932201,64.84650790055309,9.132782333019072,3.504452732722679,19.023093881415043,1
438,77.51929017931081,59.49317796625921,4.520036690693925,7.7422153327614405,16.342697981676935,0
439,95.30903390081696,69.85862318017902,6.665882317043227,4.364436326425316,70.01829240434569,1
440,48.199126975762354,64.89647512808331,9.874799388072827,5.006208037200363,32.37267044862459,1
441,79.71834149214725,65.78211513888185,8.868233833118925,4.402428960441006,64.47440043874437,0
442,94.71885533618432,54.90797950976745,7.026779810436097,5.822277837334514,83.46355050359865,0
443,21.405563592622556,51.852333492229604,9.70581591099883,6.299186939207006,83.52862852347059,1
444,34.64490178712634,68.12870136855507,3.385625582259232,7.30859659407523,78.07692011175293,1
445,10.830903098226807,65.79844398893825,4.952622420275489,3.799017346903836,38.934665008838024,1
446,63.03232136361518,53.05166707734933,4.8271802075547985,9.524479471131972,80.25610764236909,1
447,16.038821545032544,57.39372389852692,3.1458861378294385,3.9708383723666407,81.02947777801923,1
448,36.695967214389036,61.80699961520097,8.909109125417341,7.975620218620275,33.66969268497809,1
449,77.5712731502449,74.08229750310485,8.958786594153054,4.102668737704802,77.40218867052202,1
450,95.67216348367221,73.43669077900597,3.2383371636800664,5.6016704402160045,61.66645719269058,1
451,14.662508920125884,57.98448597946047,3.7228574733739714,4.934438472586493,61.24403705772275,1
452,52.87061220314061,68.49033527233688,8.066722780092167,7.0387610487346395,86.10253529538527,1
453,39.09207915898134,72.83603291319987,5.9299840026991095,8.117464111108578,20.08611018821118,1
454,20.10944572829314,71.06736770595023,6.905862827175979,8.552898078065757,70.07819239807425,1
455,21.18192858680008,74.63719880591981,6.31419533463287,5.494826582156648,29.838651998029267,1
456,10.761004099553507,50.955914325752744,7.919524065445781,3.875908566232835,62.120418923266946,0
457,48.95933459463902,66.73835618368892,5.198632397270943,3.8302032465831193,11.008961081621859,1
458,0.8712054625706345,67.8480221471437,5.1253158720717735,8.595882256051985,53.707621701663506,1
459,3.154189270773211,65.10950158339062,9.815024806739736,6.855549309554605,80.41708620408247,1
460,7.445803096699521,73.04924073837715,8.739180616090202,5.527098774117885,62.49561116914581,1
461,19.166558786527943,59.13108903823309,6.274090706037236,4.662574684156504,20.524263067314767,1
462,24.297399570142108,58.882454472367655,7.564571776045989,6.958233250871103,28.080936330483198,1
463,83.74994052780548,64.49773903802351,3.1750871692399527,4.1817917904570505,23.135406445059026,0
464,52.944452279929536,61.18221934644192,4.881505275118933,6.748950748266652,51.621663013236066,1
465,55.35077281251773,69.29710692669104,4.345055690262345,6.444999402159979,54.12155976872236,1
466,39.12411251134233,71.9699763340356,5.890071839374524,4.630111474122415,38.712414597875366,1
467,24.862420309916732,50.58558438467881,5.6319630716441855,9.464079825143795,72.41234763594866,1
468,13.488617203133014,64.51302609875697,3.1026817918506495,4.730282660199598,85.17610271782468,1
469,29.561065254585206,74.52866116392958,4.408190065383671,7.433647070439956,37.18471836202157,1
470,54.4811069518307,50.32037250217127,8.147164692443706,6.672528940430974,45.92820370410994,0
471,30.288929213335646,66.21093010298605,6.992757502992907,3.0067464916376743,47.498230304298126,1
472,93.96718187424864,64.29746564102544,6.901884998661524,9.761120365829822,33.3100340063894,0
473,60.529695184947904,50.049061327459285,8.647880908072846,9.967438336103925,36.17452155903983,0
474,38.67263618342284,67.90862015456706,7.551645334401528,3.6917513346653714,74.5570790055047,1
475,18.01968076883306,60.404192718822316,9.19081193020602,4.075868901751989,40.71919195960119,1
476,71.09112447058119,56.15755321198026,5.907362199727205,4.388461059631173,26.461722245626063,1
477,45.3075352290938,60.472228136052074,3.8390819166191843,3.718855529501842,42.47595568055856,1
478,20.73953960855389,59.08398612276313,8.232578797948328,6.971914698447684,84.46444633781229,1
479,44.60782116299583,73.19392067965542,8.155094925093955,8.903493247748688,21.673055154983423,1
480,42.15213669101199,64.787793390397,7.916361490287816,9.47696672195111,27.869173043504773,1
481,48.95770658435193,62.25805315190376,3.738393559040552,3.637260538509459,76.43899293169349,1
482,60.65611451921953,57.935086137227465,3.639159627451034,5.404316558831557,37.7565717046459,1
483,58.88662384111535,54.30367530339978,5.447555973032097,6.848005886376155,78.15644218196289,1
484,81.46301485527931,72.15438538563828,3.362033553319798,4.702427904244849,70.40437793305196,0
485,31.07986799453174,55.54713925249919,8.296166325976646,4.837293814914777,18.383195115317644,1
486,19.661225245540205,50.24099790599252,4.843338194531467,3.217662463198194,46.53911811997574,1
487,61.392085906866775,74.33215927240352,4.3679252415477094,3.7315439911380013,26.32781494723568,1
488,20.42804327766997,59.82408335822191,9.441756780114144,6.118251499552607,55.59670727920869,1
489,27.55796680213788,74.27165707949703,4.599689522961853,5.369957473211368,22.021106237038246,1
490,11.644948379439557,55.79562893336636,7.9985895947481165,5.926570023434425,37.921954246819595,1
491,84.109574595207,58.58661873200246,9.64803184410389,8.186171899048524,68.06245410126373,1
492,50.28335654515105,70.03937945332163,3.7536497544376415,3.776268681192115,80.53129962974232,1
493,21.64275827206832,69.03855538858843,5.333588348192646,6.573097247281049,58.019647861037434,1
494,7.6927458522316305,72.43029839852173,8.946708036086948,3.3702160571369744,36.91701359175646,1
495,32.83391982462417,59.31959936623735,6.01315227082823,8.934749214576893,67.6457455410855,1
496,85.34963592506516,57.89014692688502,5.217129874524119,3.230473280931122,48.16070139195671,1
497,42.212969348740096,71.96919970559492,3.650295484178631,9.337634857601927,16.09871124222962,1
498,36.128124671157394,59.177758396400975,6.534250898871937,6.972647572393951,14.412869839322017,0
499,35.862451656430096,50.08779692866626,3.7297538728987973,7.586758338441602,78.52457783634789,1
500,21.681896070565067,61.364600323676,8.937354690424755,5.185793315629311,65.67452466215744,0
501,97.75082255139469,70.39541082084564,8.270145632161453,8.827437716261581,71.12332168950756,1
502,54.654007048192014,67.23829793674184,8.447768303306667,4.25360123570376,32.737261101858536,1
503,97.4078787094515,63.69298169370335,5.327843823048952,8.4126731782146,66.53093823070678,1
504,92.5356267095755,64.0448085672472,9.827300854200594,3.977190832604858,27.652017175328343,0
505,43.08083512895967,56.71611803632354,4.645890598632362,3.279776518133399,82.9847626636353,0
506,22.46926354703981,70.02441052591101,3.2503918207249027,8.958680020337486,53.02750968894071,1
507,92.68035390118816,74.02496333031407,8.208281735553626,6.8130579015889055,37.43524930746801,1
508,43.34562590140801,57.137099355298716,4.721766064593545,5.814903604793517,81.05266917602809,1
509,54.81470788335875,51.05159431997625,7.377051557972376,8.711762178073768,51.41272039362174,1
510,48.60718186404619,62.17331559889222,7.64262873258229,8.67540844398553,19.477331873013473,1
511,65.97487440222196,73.34014282976793,9.242899697784438,5.0508676296996935,24.015785945140998,1
512,75.44920490239065,69.06012084651213,7.844681229892813,5.023030637409717,30.752966654289306,1
513,86.6981096773007,52.00825555072275,8.145249294924575,7.744602912738197,74.91949690062685,0
514,40.62251202790363,52.95212059005146,9.540822112400528,7.958849088762573,62.131174490928636,1
515,54.40490652033362,53.135104464300085,6.182173095221361,8.571575476539689,40.731934904528664,1
516,0.25973959035289207,66.37331549442689,7.841663706647482,3.2188460014766735,31.405593918403707,1
517,52.433879084762516,65.88849858517351,9.653631715882387,5.004005913715202,55.122042317937115,1
518,5.124382096052049,56.28649636768557,8.157767916833023,6.602140767875284,46.35519295500002,1
519,74.23494011036018,52.189354064734054,7.033624941270304,5.353974742297585,44.3271451706382,1
520,7.1771954998457455,68.81830217392935,9.920874813466622,6.874701823448444,77.51654727280915,1
521,24.674928278583675,51.18464752514223,7.736915205809284,5.102092719675479,31.80539674925448,1
522,26.399558864395445,55.00964387011685,3.8938880219162613,6.99838240147123,21.047233815680613,1
523,24.86912770120537,68.76513795706613,8.54723566281772,6.139301440639712,19.00036956094896,1
524,99.82970924594854,52.78974809718472,9.812242424516572,4.593845465890849,58.141624594555275,0
525,29.992715960316808,74.47439813821806,6.643245364051653,4.690786858342069,78.88546496326923,1
526,8.785523670084228,59.32452939887444,9.899414335673079,4.768690589436094,68.31809350508593,1
527,47.34595696919085,55.34889432951387,4.791740395136649,4.963231114028137,40.29391490736418,1
528,86.68992914981989,50.6331793595206,8.524418770388412,4.210574519595465,53.60429871516103,1
529,14.872696775350146,63.596736995068035,7.2656297685262645,3.417865464257883,54.7279484100382,1
530,17.16183099939278,57.66507570291132,3.2321536643590405,5.397362456225544,24.311922661197563,1
531,29.707332478479653,53.38621698603949,7.967699012831731,5.336738474397178,69.96435688185588,1
532,51.30763494224183,63.73639336738232,5.166752255755171,4.757496062467524,77.22158799625261,1
533,3.52907675880898,71.33756785159065,9.485100589316914,8.914496381529283,56.870268740995215,1
534,33.41904643725623,54.79243967509718,5.060852191610623,8.049782104737805,76.19275564045185,1
535,5.543367381414144,53.28777122099491,9.712184915510427,8.5150089318679,50.57073937300876,1
536,6.4986600167264434,71.48746662009941,8.10148829067867,7.839032304343636,86.02904007200736,1
537,55.81489958803777,65.37339639536272,9.964019867966758,7.1056497621896195,79.71703525887803,1
538,49.41198875627969,61.40483176672326,6.428524670071518,7.595141058492166,18.825465676378798,1
539,52.93634994654286,65.35072719382626,8.080494728927613,3.587987362480869,78.81389405987358,1
540,29.806626180654973,50.87170749151856,4.1415122571803185,6.320308511339576,41.63974322432739,1
541,32.659708401302886,64.17932639372611,5.399460510732253,7.79720340110723,20.73997366665927,1
542,61.1797811958368,65.0122992060821,8.786571996653242,3.95489433593957,54.124920496694514,1
543,95.3798744694865,61.29621417794958,5.4168308226091355,5.004462989925213,83.65293669913916,1
544,37.16313156176214,62.70118616467667,4.302443499122608,3.8594169891488317,43.965935501296954,1
545,70.47481802268123,72.38094100608373,7.926565269170631,3.2654820852677684,81.67750870473152,1
546,86.4005484911786,67.17930179891945,6.714915066258386,8.133190289846391,58.796113205100504,1
547,73.7666869138211,59.415918484602095,3.872561205699006,5.659708688769598,83.8005679389195,0
548,32.41125990019833,67.15947798230644,8.678189508686573,7.124429549943988,20.698390036132277,1
549,70.05521702621425,74.64249388910486,8.846195159564019,8.088735588540395,33.53260483983435,1
550,50.91284760730876,65.57082197343101,5.778379545318737,4.962777447269676,25.489389842630068,1
551,87.61851106103038,57.34971032583062,3.537104796130482,6.113018237124361,42.63887097662821,0
552,74.64843132664257,68.41237885753088,9.009652412107052,9.941472030916493,69.34449387870583,1
553,73.76568077319001,59.6980897828494,3.001479582041224,8.42876976767339,78.55098360089238,1
554,12.111937297444154,56.25235583532569,4.8470775345824455,8.78386561512283,73.36961300704027,1
555,79.48697048072167,68.81248357030029,6.540083103116391,3.0711974164973634,12.255347704142322,1
556,98.04306072289084,66.81217727059024,8.816688634425208,8.320730537365176,47.1798583715408,1
557,74.607062834983,73.6576367606156,5.739185372364629,3.150722996556139,27.834930561390557,1
558,85.95607618839638,54.70894805921917,5.667781968816695,6.983891827328101,68.05513475069698,1
559,23.06429363226783,53.433832441392084,7.7729143944001535,5.094205052450856,22.78953389330539,1
560,63.54983521881813,57.274429744478894,3.4173617768040927,8.971217818879573,59.98771496948813,1
561,41.76822489080764,54.45913817076526,5.764643389051597,7.848311762507005,71.1218995191654,1
562,58.55427135187037,51.156439703723855,5.606719604523105,5.144443220825993,17.696908122200025,1
563,36.85705663469356,70.13947291207332,5.848195665510245,6.936527182184035,20.483049988115436,1
564,54.31097280362411,70.15970348869142,3.9013812406420616,4.442329886856931,21.217731248146407,1
565,30.73690402677135,59.17009982924924,5.09594544013781,6.0339820265924455,43.60560386634178,1
566,98.92234234516306,56.25305819192926,8.356130657811946,4.4026643682435544,26.566933006545753,0
567,3.257358778193531,56.18309025759675,5.375082549892055,3.4798728998416815,30.17776118322911,1
568,90.27902401886502,55.925345443806975,5.673409081717674,6.483524103003887,57.337772691972674,1
569,91.63389530604456,62.585363569601235,4.690324722734219,8.86832214438025,86.73171000893221,1
570,67.98306672382165,50.61697956518322,7.138155228770051,6.467204060430096,21.06087890701123,0
571,40.99815503084553,68.78696795782099,3.3737475873048295,9.780356682931851,56.69822815571456,1
572,72.35027478260882,63.993416930411136,6.624552525329463,5.633231692101675,33.094475797099,1
573,96.36115758593814,57.020671435194814,8.344750540153388,4.807985984173518,63.87843103307469,1
574,45.08345641351331,61.955315201083685,9.590215054510292,8.86612968209586,14.485119098859924,1
575,88.80710120915826,62.680885059392466,3.6035744241848002,3.0702104526747376,77.66471580227613,1
576,68.63315157079968,58.43968256958676,3.190228903984316,5.627629143132601,15.545261913907913,1
577,15.370998385282885,72.7858319533395,6.505267866319364,5.351679935056813,69.5415780100191,1
578,33.74974560179257,65.5473056055908,4.999484274041494,6.7240696738142685,13.989711670863608,1
579,8.822316893754145,72.2870882558849,3.146877664755736,8.77281694183608,66.86726831025143,1
580,35.90608813359085,63.57022483435183,3.824716817966669,5.889792974868071,12.260103462153346,1
581,46.71572238071047,58.02636220429843,6.495169074809528,7.5415791941170225,30.855529474524708,1
582,64.3115527336382,52.4861493445674,9.218030678284784,7.209017772907579,50.42645472251881,1
583,82.45229464591515,72.14106692661795,7.602434962965934,5.864302683727949,28.073993718182148,1
584,83.54361929811152,64.14096269186315,4.16744715461524,3.7942006245390814,44.84361026839696,1
585,13.894600340229236,66.2363863187085,9.983031944690012,6.351692774102447,36.37645386587961,1
586,21.035907911967165,62.56813125200455,6.422563973654359,9.442725082660886,13.368072772340685,1
587,96.3466494380399,52.05835743212718,4.14969272953617,5.7309554273203425,53.818156128301325,1
588,71.66954686085037,72.64735379525965,7.980704810816013,5.921915689942747,54.13779899823335,1
589,14.052961246772611,71.07051000654499,7.468477073560392,6.456575625824625,48.90694612889706,1
590,1.0756834298217277,56.54690028179296,3.353602880752222,9.408508325158436,46.578761252290995,1
591,9.761295658853541,68.67062098045415,4.019417588358293,8.414296849861715,64.6732447275902,1
592,88.58440728991526,60.48514340976869,7.673450841353747,9.688993027498631,25.222361927175026,1
593,59.47159609592033,57.9042914632769,9.258627047123989,4.010348677127899,44.50503016332125,1
594,11.984962620744778,53.36354888518665,4.31062954183292,7.201795067875374,38.510694941843,1
595,40.83993699732631,54.26094754093961,5.885610510015276,4.394568145294696,15.977128467091507,1
596,24.956391463246497,54.61287686192116,9.446409359765156,4.744103747522185,48.691589760197324,1
597,90.3075898184088,62.93167950429039,4.43362711379014,7.210711752649187,20.687923535661238,0
598,72.42527365306557,74.99678476880858,8.479828471642719,7.2285041136951325,78.39017035120537,1
599,99.2751779212654,55.04263166620424,4.758948752324947,4.065908904474877,55.70920531715223,0
600,34.997585681408225,66.4503608689925,7.817251438208473,9.410737692467743,40.950518164868086,1
601,36.28923278882803,61.30010236203861,5.269210248952719,3.6764610800532633,21.902531106470892,1
602,55.45739734282085,72.03501739179306,3.433584175190693,9.577838117824335,74.28191675379765,1
603,81.26582619343961,64.61021670297767,5.668633167130572,6.512601354561404,43.50158179639778,0
604,88.90239704452642,63.18114161873914,8.098195046005301,6.733998260914759,16.9047594820198,1
605,40.558909248168064,68.93746485301213,8.116084292274127,8.898269764154243,24.34991133062711,1
606,19.2610761826968,55.360851829737825,8.1301426224617,8.398253540554286,26.345396712149068,1
607,28.367701627151998,53.60167216935062,5.781103934660484,9.869670156939772,83.6597759089882,1
608,98.49063716024105,56.224387435013085,7.911303513094696,9.526928087221709,82.20014819052354,0
609,56.905289520436305,65.50289138385367,6.3436921033400155,5.832813263901127,43.91742740193438,0
610,3.8652884264883447,66.06095963237331,7.8141192496975895,3.3184046076036493,80.30356194926071,1
611,45.446433179929926,57.92181227333208,7.739210398244603,8.398066890468375,34.67891468801376,1
612,68.44503040415091,52.3478374682062,5.684670564727224,7.800301985147394,76.39430030474493,1
613,26.251318052644347,65.46325986971618,8.920199780161342,4.960405320515719,24.8289227733552,1
614,12.940757184257844,57.102287883579166,9.911212412213967,6.807121126613729,28.285017589773002,0
615,14.84671633793776,74.14532229337838,5.293811099481093,7.795879638651088,77.54954772305825,1
616,17.24240900243362,51.13462069130744,8.99983903503498,3.4058801662454625,76.76326146551254,1
617,84.27132646186722,56.655797481509715,9.951530662847405,8.934073515317792,82.91908953613566,1
618,35.617830307036634,53.9866264353351,8.888350138735213,8.87728310040548,34.852215098125555,1
619,29.134448109551947,65.49180753901476,5.840201210807109,6.068706948000127,76.80664728893424,1
620,89.49584413950939,50.076263176839596,7.7009822244506765,4.342460455305373,79.49581751745279,1
621,45.90783194549124,60.5792232235797,8.810671638523738,5.946953994580938,49.11343607312625,1
622,78.06066422824259,56.38537082346801,3.6391828514454008,5.211862244078709,62.58834175493143,1
623,29.57352595763466,51.80168617659544,5.509291482694685,4.169103437954254,25.798827016858798,1
624,58.915113918238696,58.586631751027305,8.79263812730892,6.550320069712349,47.80731066519195,1
625,79.01755931076333,51.55553888840088,9.126405635567966,7.963733680917763,74.48150544346794,1
626,58.10607062573939,70.51381832060866,7.0035174481605855,8.746317465615215,11.852620498591664,1
627,24.431240296328305,56.86402298326109,7.27993899796563,6.57348632456304,13.461263847393589,1
628,28.84314208074512,60.98288826539267,9.964761613657183,5.492079634599723,74.71276210239151,1
629,50.087086051196785,60.65514281162545,9.128097786222565,7.197499458677235,71.06809087838536,1
630,50.582981589085605,71.41502494063886,3.083688825285347,3.3904405614356805,85.91891230253009,1
631,62.21042673471011,54.326482304111124,4.088826864937269,5.469591217088724,35.199588330609096,1
632,27.11548493112431,61.2011958200654,6.004463218700417,8.970940843392405,78.87924247467024,1
633,51.25026224340502,54.7738763390877,6.184806103122924,8.703990802315731,51.129706604239416,0
634,80.14069572987167,70.39313013968028,6.226264814034801,9.392473220540449,66.67375377058711,1
635,51.45181509705371,65.44665926770979,4.438076243920271,4.3189918603547515,81.6731778093712,1
636,77.01314118535542,55.61000721157341,5.49661402135645,7.9002212544015284,57.22966066074255,1
637,38.363069433606825,65.0772517434046,3.0651831804535306,3.638889208363902,65.16094700248466,1
638,89.1483700117259,61.215204935963456,3.601465793424286,7.124732333829931,35.96712067665527,1
639,14.757324934452631,69.47521602372657,7.967901663763919,8.716001747230052,11.124708531589242,1
640,30.835900322621747,60.23810346501916,9.666788902044889,5.856996443479886,49.67140709289794,1
641,73.9997306706526,65.62358676794184,9.476317274554727,3.097126785172817,14.78492920831742,1
642,4.551236032601191,62.03135842735589,5.0886824167284495,3.4882622181186056,19.102952480525072,1
643,63.15271460920863,73.43948698009385,7.376578466137782,4.357377850496581,63.62502987150859,1
644,94.92571344474176,69.35887651397235,6.950444617621557,8.803653595826443,85.5169600972607,1
645,94.87546754422472,72.20046280152624,4.90798735512267,6.579479326197087,83.76881388392933,1
646,84.42588686151352,74.06814988578944,9.03201565652655,4.7204877219845045,80.69657247310761,1
647,95.88592869275807,51.20711108017629,7.2996742022832555,4.4804978742357555,52.81705215269307,0
648,31.673185446798733,62.17736062429614,8.499663734577133,7.843581650013883,47.87415724118527,1
649,1.5072286344542274,56.13120054736633,8.015580873475905,3.4979582408219905,36.919509624317826,1
650,89.17957873181435,70.10683195001891,9.750225087669634,8.737254686698247,73.03858602346591,1
651,29.639319362491058,57.040408181666756,7.706857917155364,6.829265032686716,57.97020201914971,1
652,80.20252460091143,65.41454483816094,5.017821699526223,6.242337620185348,53.38517471630326,1
653,25.550492734930007,73.36216780203128,9.935658040874143,6.895802336861822,36.69233622503088,1
654,28.887992704204656,64.2346830469983,8.8461318953455,7.657509067673941,33.25932097474061,1
655,57.445229087771125,70.86190446716397,4.073909110913558,4.256403424825454,70.70004385018376,1
656,24.25007091955782,61.711068057740974,4.95829638002016,7.375561079563669,61.67906475486013,1
657,2.1242713540768454,71.6525750871672,5.991674949732898,3.711024940294489,67.26089034073311,1
658,69.95940955383023,61.03604990802877,6.438935808534287,3.6586784060043427,29.685794484056107,1
659,65.35331562400147,59.12829777290861,6.228909730566845,9.872352672771337,21.54236244281958,1
660,79.84901243594106,63.58363252969256,6.079647330162027,3.178382219916112,83.84808605506606,0
661,67.74069009933169,50.77136203638054,6.867450027928471,5.177221801811281,62.73992265501724,0
662,26.379692601473415,56.86790189480713,3.0892064533373977,8.53609131628521,29.386604078953095,1
663,53.636469262264676,71.36347307971867,5.826187819608959,4.973829859927385,86.23449899017541,1
664,71.60756242673091,55.60308682142026,3.4288888824684145,6.6143299247099,46.29016859437417,1
665,74.5490294587649,65.88856383024478,3.391068169489451,5.874079918168901,80.31833372087779,1
666,59.39691441544721,52.21497831674093,3.5812961330745297,3.4421801088399295,22.267746450597322,1
667,65.06797906467209,53.82266006866642,9.452277135978242,3.789432469530691,55.2190945507121,0
668,30.97357734454529,54.59256771019707,9.191976596447663,7.7799348972685785,75.08202895038724,1
669,88.93262735152823,52.61996855039975,7.236010442049344,5.115415428493119,85.38634520614897,0
670,13.120061437121123,70.79621822166261,9.867627906096937,4.425617757463993,84.29303054820362,1
671,44.01703323630214,52.469468012706386,4.853538956646495,6.212365952895157,48.92614723889178,1
672,3.7059041886061683,63.83271122832669,6.16345127897711,9.192413297040488,70.10241516891398,0
673,64.72561681379199,73.83545885107142,7.798902256898682,8.172251705648069,27.397485922238232,1
674,15.676597553786598,60.55343844575528,6.764156113975314,3.614488625710199,85.19266971085068,1
675,80.48225530039785,73.74782922168139,8.810034732460633,7.166532131354642,42.789482671480116,1
676,58.128838193882224,63.66118098262984,3.311477632587355,5.394457289294569,80.67972826734481,1
677,64.05848565329374,68.09875698943134,3.2653085602759866,8.68412162086647,42.68494004012001,1
678,90.73010333176146,53.03828939317363,9.294581413224101,4.319712251105591,85.09779190598196,0
679,79.95816083715476,70.46407419487662,9.417518765000464,6.636516632308256,22.729594835280643,1
680,66.67241541791765,52.6594282250732,5.247986951032178,6.774772176640241,28.77550357526143,1
681,9.69233997493376,50.87170373276263,3.58231890286201,7.672118586953186,83.97018694382581,1
682,37.587136759547235,68.09570406392443,8.424025153537947,3.992984745154491,48.311311878775925,1
683,97.68589898254852,56.60548880334248,9.169325460233422,9.955486682228063,26.66674749330243,0
684,71.26628983271456,54.34007175190406,9.805077925337084,6.597765257597227,15.969179295566585,1
685,30.116626831133498,58.1422504380321,4.9411933472825496,3.0375856528515444,18.649098748310266,1
686,21.591190955958496,73.98310311831702,7.220565579246513,4.910697551125227,54.84536227230956,1
687,15.509651316177408,54.74751014106941,5.983658686819849,8.360606699656294,53.02428877568307,1
688,93.65398507806081,72.01052357156064,4.212623924103024,9.348367475624585,60.851996383947125,0
689,76.91799610820405,66.54442023824204,7.73939455121614,4.816096073525117,65.28303665304159,1
690,89.56434331256351,54.3843434919163,9.674259161532394,3.655081536800923,50.494769470817005,0
691,92.35499449637703,58.10985035912682,9.534739399738442,7.5961208497835155,46.402331458675306,0
692,17.9458226364117,74.55625742819456,9.871341621001365,9.41894458845335,74.73719271209124,1
693,68.98875719581987,64.43256969253224,9.239638391599101,8.74460409641973,14.292713932190905,1
694,39.6509680628029,73.39420237076207,9.380461084524974,7.892379051707697,28.526250271642233,1
695,57.83674506248225,57.824511627293376,3.6140483929986327,7.555492537584779,62.22383941607977,1
696,80.54140358642744,55.40541757870716,4.389773467684898,4.39586195455194,22.089456245310906,0
697,76.88398559915942,70.0474386089202,5.2651282323406665,3.3807979310269185,81.29446335117008,1
698,94.01767876404011,54.22236306764367,8.999098817253975,9.189990490249722,29.983814872839254,0
699,63.06884972349515,57.57828160790665,7.326902126421865,7.035182770147348,31.51009827647445,1
700,5.43228771847949,59.578860547045075,5.887897938750722,3.754495269465003,86.89423335191306,1
701,42.77703984413195,60.789221252935675,6.8345935049595585,8.474337235666194,34.27821468486999,1
702,26.116146017127882,72.63658676708936,7.275707015775223,4.9352870031353575,64.11978627025105,1
703,77.33004599510633,58.134058297193036,8.437153942905336,4.885664337887215,33.732167918758826,1
704,89.05458903583396,50.605650563407934,8.437690883046999,4.988680751521086,19.060430344344958,0
705,71.06266142274895,53.31061443625795,6.794631170651235,4.634948597623316,28.007549133651075,0
706,34.350743838676664,51.26185797998587,4.454694982718489,9.906006022253237,39.83809838514158,0
707,75.16996172241062,66.35461834714138,4.269407854523503,5.097246938899301,43.575486354865205,1
708,28.178144825464834,61.70374541946574,8.127944106022042,5.458093682811672,60.11992427123374,1
709,9.777453387238088,63.555292340287906,8.52797498892944,4.456452999979535,38.809262864412176,1
710,83.29996271263464,50.37637309782813,4.208443592665144,8.91710334780043,42.178734316065224,0
711,2.0560193621175893,67.78175320100345,4.554250006929939,5.361313797532584,31.74304512143611,1
712,93.55129462457876,62.38266952488461,7.173221242051098,3.143185843789295,53.26853858537859,0
713,92.25598103731846,56.166031705606855,5.600132920360033,4.5135287360244645,15.069195225308157,0
714,35.47490384426478,60.615928700588455,9.7158886901771,7.506112049806085,40.25903632917526,1
715,74.05205135930456,50.492540651983596,4.571167370249395,3.5561209604422865,26.753669204993837,0
716,71.22992569854874,71.2791364656416,5.695989255970304,5.582944110718891,60.29552313330022,1
717,6.985016432590163,66.66554062692636,3.365266209241192,7.6855856977146555,85.98959966813487,1
718,10.841919056438643,68.36564074370932,6.686356235849673,9.29980309123463,84.78626821504545,1
719,83.9620915878671,59.35624803204716,3.7769810691081016,9.484534936043612,47.681202613300165,0
720,96.79093663804238,64.82213807595234,4.863966453524688,7.948428111152609,49.27758731406204,0
721,52.67799467792514,52.929311005345035,5.151113482029928,4.294235719772626,39.81745637105161,0
722,39.162147665020406,72.56283374342286,7.937966985069809,9.893166024701781,86.93685330402424,1
723,76.00671707942523,69.25272929768678,5.719331996110203,6.618518369596158,82.40023438843902,1
724,48.68344183600618,60.961839310090554,8.418141195193606,8.907273546923935,56.87886403512252,1
725,29.731497970116074,67.63672004942696,8.046651195933554,9.278695860904872,56.85760761001639,1
726,80.50504721458604,65.08170978205948,9.645693041448927,6.707403879013978,46.32325153724235,1
727,56.93352406039719,54.541772095495986,8.448852519164966,8.711181424143206,79.558058936687,1
728,84.64444030500454,71.35591677321425,3.737082338931696,3.9276469057684507,64.71231600884765,1
729,53.309630707621395,62.543112458690885,5.122055457818309,9.612125004051954,41.41718697761763,1
730,85.30511115281276,59.42788379006019,3.088795658141768,3.273063624770821,62.08392007471647,0
731,70.02181552664531,53.245648990381504,4.228865048908377,9.723938761890341,24.780510902857742,1
732,11.765354980882181,68.79419126322792,5.2163013221524785,8.00603521554604,41.698568765572816,1
733,98.60480184585086,63.05541237893315,7.2294640320450405,8.848527625003616,24.884122787452903,0
734,56.66889789527758,63.62896885583589,6.829520473804127,4.012579328481898,24.832061125535763,1
735,72.15671734941425,52.80119113565054,3.431135799554583,7.081162816696385,17.388491117909517,1
736,50.023264979772094,51.07262947891493,8.965831696425623,4.093472715414651,71.97348840135973,1
737,20.23980703205458,61.287374750780074,4.714359535962725,4.746426054743775,64.50699196014999,1
738,88.55316653357501,59.1157736470451,6.092618728472732,6.533853689570333,82.22500604859938,1
739,58.63383901897804,50.961094800352434,4.299393243798814,4.345470373078379,45.3211755811288,1
740,24.271568516575226,54.60692380708936,8.338591390820698,9.427516787245894,26.034623103622543,1
741,31.827744730801122,53.580581171831625,3.1767893718185927,3.2733632620692807,36.025781082586114,1
742,70.93710450082276,68.11884583454885,4.905191758113147,7.1395664027450865,71.25461344326672,1
743,79.87977536664484,50.99146681496691,5.327070824977889,8.803435465031805,18.973223996577172,0
744,93.29880529240796,66.56665692000001,3.7588446169038905,6.62267453912186,71.4657336624202,1
745,59.230607015065765,66.01426080920166,6.322105645449653,5.502365182918759,77.54777208807063,1
746,75.80059374636878,55.34055633920326,4.339851887294739,3.0093561457527405,52.83558556624264,1
747,46.314462551700366,63.797845956865544,4.069742539345283,7.717975777631567,83.16522765485371,1
748,95.88811444018623,71.65911438648652,4.274402550405318,5.206265279339336,86.26564239456299,1
749,23.832029545343758,51.24610614435877,8.362351245844792,4.8155104735658725,22.139562958770895,1
750,35.199668177945966,56.40822970889005,9.22887742496676,4.26600319859012,77.21557890806953,1
751,71.31419476495424,68.16616107597741,8.589187241805625,6.819308692625722,80.4080636033425,1
752,35.40827488771998,64.52047424233788,9.639318397833907,5.1500913883973345,74.3262628951267,1
753,6.4758954618947655,58.76710190965981,4.468104651230361,6.687786050220682,33.32169597289961,1
754,28.090001197680227,65.10617062934912,5.731770030756525,6.6959272416899385,17.47199449557503,1
755,64.63351547075686,62.7499237215452,3.8519213005462554,8.497125061311738,20.48228930673966,0
756,38.015897384534426,58.01566658324622,7.427527779474614,6.317055028721628,58.73698051750827,1
757,26.59724524826429,62.720532436807076,4.296790081026214,3.4251275473997587,53.0263966496673,1
758,79.60329228549601,54.88206117163954,4.8786270827334395,7.0195257543708856,58.11136681085814,0
759,25.91139076649698,62.70070846865369,5.725867498977941,8.706758341267374,53.33630020607955,1
760,82.75167823383165,70.09886122950803,7.6632886213446945,6.19382711844442,42.30455387216585,1
761,95.40198190493781,65.7099570956879,4.576448407101682,3.9849402991929717,51.80186164606432,1
762,80.88979231605492,57.05903464037936,8.572803376395129,9.179345712199293,64.60113750956354,0
763,95.32805292678023,58.482385232618796,7.485890043096415,4.297120187593664,69.35659517528612,0
764,4.0055745645573015,65.0452143414401,7.228542987907308,3.817925429559776,50.21664809078027,1
765,99.88558581790706,55.65369388920435,7.010237328298228,3.4427287463077736,37.74599895261264,0
766,16.468067818672914,73.71260617921503,5.861363607729984,9.391022572948252,68.53614119272412,1
767,47.4954788119486,52.031205404890095,4.527454305639351,9.745143248202957,71.68802263300444,1
768,8.995627873927603,63.269941775901394,5.107657638015336,4.1461687168659855,67.48315598565938,1
769,42.13302952650571,54.67152466910722,7.580861839838858,4.00776501943362,36.97028386978699,1
770,49.729380248641775,70.0230952094151,7.369656025517855,7.6029406255033845,19.67515169307273,1
771,13.09570623643973,65.60306440474216,9.436610623136374,6.197806408588761,64.47153882419306,1
772,0.4529911635099193,52.6477382775219,5.169597351350655,7.945571508799383,66.06601984803638,1
773,6.552482232530998,71.7683417223469,5.346465951686001,6.669169002804558,21.288495201498293,1
774,22.774788507057142,52.21523793193591,5.293889572804083,5.750861596333383,46.4754151567321,1
775,8.59609704803156,56.88466837183647,4.7749371506932405,4.0137009598431135,63.04398008946075,1
776,93.60601812303335,68.97725910677588,8.533159517275756,4.243099434553453,56.09033672083255,1
777,71.1600399645579,60.758691089054985,8.399045764968427,7.037917461313253,33.82855037199096,0
778,28.051516012425846,60.01815488569562,8.82836804688651,4.383701424745637,22.748019600264485,1
779,76.08379296888963,65.58412249726041,7.540825909697076,5.090781804282119,83.7725750574868,1
780,1.511614144737905,62.211466918363065,7.394224460182865,3.5263842246549335,71.555869864225,1
781,19.12861978291509,64.344992809074,3.9151454941324673,4.328454158884089,29.91151433958165,1
782,25.36882310565818,72.26666817917896,6.098338533760809,9.945823763226286,65.77565336100285,1
783,8.52061948193289,50.853254214542396,6.083844402562062,4.091472945577974,14.531675247083623,1
784,87.81937841623602,64.37016328326638,8.618120597121244,6.822766204810831,11.355761338688621,1
785,45.27312289691386,68.8269460901873,4.0628277820389025,6.06571031334574,23.45225813269301,1
786,68.50633843391411,73.76417629565827,8.305597019381919,3.8952683450033976,24.04990500034163,1
787,96.20738037896241,66.80688103941331,3.545473595611998,4.969998890935953,66.43564981954056,1
788,10.490431874982587,58.040615803889416,6.334677371393392,3.1217911719303597,83.13541564696582,1
789,48.666585687098454,61.64816435362597,9.116740748185038,8.195364697699247,18.887654891248857,1
790,55.45810037921789,67.37612074331354,4.5979734343813,7.7571092507316175,11.30682624518791,1
791,48.349321542308076,59.68844673556244,7.04191064578805,9.984220039549204,26.408671920220236,0
792,33.81246285494785,69.20766161302365,3.455127037702182,8.63062509135337,72.1252144503527,1
793,78.69355887112086,66.90270868205862,5.0781320262185226,4.849604253675796,77.05642722683278,1
794,44.11978699864043,58.591941581213284,7.7530968469176,8.151097947065853,53.50888529411591,1
795,57.62982741994542,50.937509705972005,4.476966487642329,7.971009427452776,26.13897415109254,1
796,51.918831308108906,64.59153018368958,3.8957118950599092,8.442914438576073,24.782665528474435,1
797,37.39302335276752,50.67009849220722,3.483856944177494,6.965456159356107,67.15870754227467,1
798,47.73332261552633,69.97812326118476,4.294294693868561,6.685481784079926,69.78923606883401,1
799,22.50929776555104,67.84299006303254,7.5081756552013905,7.08361463350972,84.94214681717192,1
800,28.80342872779773,69.82288670017655,8.262086849751785,3.861325096579473,73.87719277993037,1
801,18.840837042323322,63.85185038158471,4.060281837818313,8.650933693631597,53.05044081524014,1
802,52.76658448316339,54.67102267678017,9.204305361662996,7.686412773707924,13.864294852756787,1
803,39.657402062417745,51.54756015695699,4.611388568164396,9.578716856420591,40.29428468147159,1
804,42.9800130211414,69.5056072643654,8.736672630518154,6.211551658155127,85.26493561686277,1
805,40.90431002122132,72.75736836583211,8.489406613336188,4.440379897979262,46.3892716179374,1
806,22.240059861092508,61.58306553730776,6.199386150741853,4.053266373174454,16.80999602705893,1
807,17.137377403807363,72.32799410677175,3.862485084590733,3.5213475401576533,16.481971777719693,1
808,57.30838861919364,60.81493814878593,9.595109639894709,5.146771628695422,61.08585913447386,0
809,30.87261560802801,53.69035319164812,3.8966796742875314,6.707442642218027,70.39445267731207,1
810,57.179172399119146,62.11035193592336,5.046629656454638,7.0656005795928545,85.88809038116995,1
811,7.565826259458152,61.02065092466662,6.840655169809564,4.131147585473853,35.27011295467844,1
812,12.248902353370394,53.58104612915711,6.946348926227569,4.537419497354147,65.71264406252112,1
813,10.046924903350474,59.64647522282725,8.741160312934099,7.205708150004167,24.909084821632266,1
814,40.94915245507287,63.56173448436255,9.352959865783358,8.05139322843576,16.89926479580025,1
815,14.59987723871593,51.00803679152206,4.174366397910455,8.817252605266773,56.13068382573311,1
816,77.73739001439766,71.03914910740815,9.895180665373335,5.961243098211218,42.168305594136676,1
817,37.75813892811443,64.37591438158387,8.033262451776011,3.2902443275261692,17.393254695956912,1
818,45.26766003017288,68.614475799122,6.666625383251877,7.599342435879482,30.15611808219846,1
819,95.0005654668711,50.3457278578298,5.5987154697314825,7.65868527087004,78.53762301219047,0
820,12.693789721959558,73.04125590145931,9.613012848609126,9.602739023293239,28.360760638975037,1
821,39.00365815348482,57.91586727523103,3.1683584311814443,8.399417438623633,43.38989946839239,1
822,90.46639025831122,61.17587987298691,8.802557868651169,8.435352585422503,66.89135671163262,0
823,48.86363404067882,61.68596800612858,4.680798852441444,7.266341652131675,77.55228923488986,1
824,49.49421312383866,73.94292192329408,4.248516530482934,4.7351866053032445,39.63628884072292,1
825,99.90058238913215,56.746787441441555,3.7227399480732455,3.9831944302232065,44.171471408330625,1
826,0.5306158795789995,68.1948741558615,8.734354152953715,9.085873373241391,29.269905388549137,0
827,99.87129081308318,64.82312721427829,8.551896495595216,3.4013670648137393,62.71414167845162,1
828,64.35028155076157,55.68846145429439,3.6401591094816217,3.862006635089525,43.187318532679505,1
829,17.736848156019413,67.95401748615039,7.353874106191492,5.867498199178477,82.0484672623976,1
830,95.28802879483774,70.41771881837542,8.95749582273131,3.72716998236513,73.93161045904759,0
831,88.65265070222955,51.37579451254556,6.80077158673271,8.984180721925622,63.79024174754856,0
832,43.53164234605315,70.70167796905572,3.884497833119402,5.187934824056849,71.10071529821072,1
833,43.64297902918833,64.62284773224675,7.852731814960603,6.140886095499534,40.68788377296721,1
834,41.26208312569377,59.67860438158012,3.7094335047956934,5.81892762367806,29.88909327564632,1
835,0.6620898472371017,71.2758954524191,7.734640155287475,9.762757397063265,65.52690158128976,1
836,18.650047470286392,70.46056538358653,6.964477102255925,8.94798210146047,30.123089179577374,1
837,1.8714075306367817,51.47275063241656,3.092432352569018,6.669006186263848,54.88011842630634,1
838,42.42090276810851,67.80521215110299,7.141380426371982,8.844041993136205,66.47845071210592,1
839,96.30873611909956,60.34692609562409,4.776637178826178,7.3853259050124205,84.42287529105526,1
840,58.79912646526988,67.49086113877327,6.967115734770089,3.0206856624096936,83.44117965801789,1
841,53.679876888047,69.88017568119079,3.3112352562357863,3.55647656354162,33.137129040870036,1
842,74.87177869728036,69.65942395346495,9.753741076473261,6.961099452113707,85.14088744893995,1
843,14.47468766841694,52.46689562569816,5.559743248187797,3.5890902888496448,29.31106157827008,1
844,15.015113696610282,62.531846464104476,8.28891963240116,8.988405260460805,81.22997918893029,1
845,71.58795364844508,56.557754442152806,7.2702854204791745,5.8487689572499155,72.66099086491406,0
846,26.426165179208326,67.05823369713684,8.754035735087305,8.402407531373736,64.4480838917811,1
847,83.10724010576894,63.97825669082306,4.036794313451398,4.352871411863337,72.7682319056855,1
848,90.7438028926155,52.41002385676871,8.900286344378324,9.707367180927264,55.08744183663307,0
849,67.5985834174095,51.799563161038506,3.489763623625408,3.5153980936137366,67.07057381384013,0
850,17.731205810054817,53.57934758676773,7.894589058205317,7.831228028841931,49.022361068463034,1
851,55.303543089435195,65.34454670623956,7.237649046307599,8.9020342830372,70.47779276793824,1
852,52.19586395527597,63.361292978108466,7.0269687504283755,3.153726936821136,77.82462376293155,1
853,91.27832776944516,65.24953052887571,3.37681998781682,7.840432821625446,22.906207333906682,1
854,78.08847892764095,56.48215691618655,6.988400465647999,6.684257089331652,49.093839445666276,1
855,18.841080411408452,67.93254873671651,9.208052146070433,9.155994617915281,54.264892287798396,1
856,13.518837072813971,58.8116262302033,4.618388401693094,5.474602218416593,33.76812723279298,1
857,67.05272657781649,66.11925220774523,7.457650570126397,6.752853309788922,12.351129444277877,0
858,71.50538784467237,70.7842654375431,8.749020031808108,7.973375382709396,82.98737926317982,0
859,92.64309737138451,59.6209795653497,7.543396232949034,3.446852588992767,35.030748098870646,0
860,2.4641611855109935,60.76189571318568,3.2565010694629564,4.248540893492033,67.95797903538892,1
861,64.65043949200306,69.71917807153193,3.2278381129800535,8.036698888955286,24.239424435165088,1
862,72.11203707685515,71.0408310099739,6.661778738672797,9.915830568377768,52.87772168058088,1
863,51.19562493912046,68.52357525166842,7.76444776991927,6.872922456405622,30.140228045034515,1
864,48.42277940426973,61.17324216437055,8.910655383214374,9.572168159578766,37.138444517909065,0
865,47.11819560056804,69.7476888308544,4.764767586109018,6.391580398057913,41.627746039775275,1
866,37.09674301598266,67.50164955792137,9.208956265866956,9.053150510847388,56.88186122355923,1
867,10.803087265585487,51.82146215463828,6.750914696044501,8.658096473728584,55.3949757038662,1
868,29.901191806496442,52.02469590950085,8.307597204983612,5.671919766730813,75.39819756790914,1
869,76.35904119863879,60.97614006789413,5.8094669583288265,8.54579459400968,34.277229137728895,1
870,65.02203152236389,54.65067183698547,6.531111335459905,3.295826250574324,47.63813116051202,1
871,57.008892207189135,73.33565886763192,5.177299475189909,5.772221597255829,54.78144263711164,1
872,55.73123252641709,71.3349638426161,3.6613801250686966,9.845331490933832,66.80137149625955,1
873,76.17075141701342,56.73475601673111,4.050951770959983,9.696825786891353,34.499653019485706,0
874,67.32523835458167,51.77244058772674,3.180756463756892,9.103267553784438,70.74146623249189,1
875,8.5526687780772,70.75238984359815,9.797008197052602,9.979980205986598,57.30113978965196,1
876,95.3568756221855,74.27169129785074,3.9459586250069876,4.68950995881903,62.856714905078356,1
877,25.143442841214558,58.06042807479682,9.67841462215353,3.891707261587147,29.46647586385485,1
878,40.45561598525992,71.05372655622492,3.499770695608273,3.369514660218904,63.58474016020847,1
879,81.60544011880657,71.72632894117069,5.604923277019056,7.2936121026448495,54.976169996745355,1
880,0.18928371649763465,64.9809307352757,9.310563915644028,6.43991464955767,84.76771095592174,0
881,17.938522328185712,51.18367191488231,4.7379647170739325,7.413552761286073,86.47084171886313,1
882,42.407234890873454,64.02251214220016,7.8143315872135375,3.886871730016522,67.57331830585326,1
883,21.004327185511606,59.67662864051941,9.338870380542183,8.243605931738268,47.992822243253,1
884,65.25480552758222,67.76171124508859,7.060276147536603,6.903674443389016,54.6289194156261,1
885,97.14324794306056,58.00923678602353,6.030424502574508,6.966159179051521,49.83933505553945,0
886,24.706035859686505,71.82215438397449,3.9920234845875004,7.045022218157147,49.482303922420215,1
887,48.67632891076149,70.36847690539848,4.876148928808142,9.506244879923074,73.74183769015693,1
888,58.74607125400082,71.2010887344988,4.55540945341349,3.0218386104260513,64.54140010891999,1
889,95.51637794462049,70.60484976333947,9.48859614352894,6.686053706941291,26.808894102750376,1
890,89.26822056649276,52.72532386302743,6.06601417009527,4.652251019445988,33.518651339386125,1
891,43.630162991483154,64.14257621240894,5.912383426527473,9.476828233158834,13.068379976066808,0
892,39.794654002261524,61.33310140216524,7.142448096218168,9.497040371376755,77.27843182225187,1
893,54.723047252756594,53.58033479444937,7.0056764014571105,9.310000995985417,73.82844672974309,1
894,63.94492435973248,63.93532209716525,8.772649453383876,5.337155435911413,61.68404165148149,1
895,94.85265800627614,67.0613991265983,7.212336948480887,4.182969126634876,70.65231955508585,1
896,82.36365625946968,69.45767990314667,8.690655431195534,5.1601671181029065,16.552515476306887,1
897,99.25028007309422,58.65393259704459,7.574025141344201,5.548546178937538,83.69392283506407,1
898,87.1685112410649,63.66732334346943,5.546604397305704,8.25871883830101,71.24207842151267,1
899,18.820280894207443,57.8179235899906,5.629218048668758,9.275153331355906,69.44367995752363,1
900,72.63709041077408,65.83628619764951,7.219384418958269,8.018369636449936,80.056579676704,1
901,10.450186796856187,74.09529691427974,5.62658464706656,3.119274013927727,83.87859398695146,1
902,20.26613196224919,69.72049483041485,6.6711245536091415,8.913459210357646,11.216763901983429,1
903,3.0405635632860584,67.36797479614616,6.472450018739384,5.935695119749173,15.319347038702805,1
904,30.734755029965765,54.57203232853967,3.816975479772271,7.88085145338892,54.99654846055071,1
905,14.635643421620948,57.45362502704365,3.716766007610177,6.004397601063777,42.15432942391054,1
906,98.9234280832074,72.73455697726698,9.919169359854585,3.4553627881419464,63.32494708725958,0
907,21.745943230188757,72.93925872946657,7.957981044687952,4.935335549536992,13.95745659956144,1
908,25.26624172475437,51.89254793168172,8.113322228900659,5.407394786585504,66.33600758309052,1
909,88.32818822876474,65.78136482794288,9.533155365660205,7.702505414820284,20.37101901293304,1
910,85.54045400154176,61.02042537905048,4.457550664104303,8.723712650968702,22.91295892714553,1
911,8.072946750614074,54.87502445469237,9.872621318743379,8.907534266741116,75.8563997953734,1
912,85.22463702246715,70.7468409738146,5.738618033786459,4.3503596242241045,73.93785545303119,1
913,65.66207526819812,67.63875290821625,5.4807849819155505,3.5254749825187015,82.29023185936853,1
914,73.84644643314012,59.81502602498192,8.509648152630104,5.721092609746183,35.401075486631605,1
915,68.74322985861218,50.6041669388205,8.247995543296906,6.841667809647269,29.8247902429902,1
916,39.165107205548544,60.32234848034301,9.328901425011694,3.6364788458667685,13.576072740966897,1
917,47.82049132435587,65.74137552165345,8.783324812627015,7.533996969868848,45.486905209199485,1
918,77.20195679435577,73.62232848633674,5.174603218692209,3.3681387526220696,42.21235569753122,1
919,72.09071040483566,72.74488435209848,8.446567056281244,5.310630077662895,43.104203797684875,1
920,36.861601590796944,60.19518971892806,9.597221184833035,9.842874808876044,34.462288391114896,1
921,12.060403828826981,54.65521926225035,4.356314366272258,5.447694664695067,23.229766232736345,1
922,49.857415709552065,52.45425421558633,3.978467306843351,9.858876680993623,26.817436356026285,1
923,46.392654678224034,67.05760254457863,7.165173715992254,8.842093621351012,74.4442438200312,1
924,51.910290037317495,52.27604287815503,8.250722676260615,9.969692444472734,21.49295950724963,1
925,4.6466346490200205,62.18662716532796,3.83663188605882,3.8142510582482516,20.17383312012065,1
926,95.88166966444393,74.0981382962741,9.42978171710914,9.88609744437576,16.752284720188253,1
927,95.24026923896717,64.36129419644236,7.254120761297536,9.19514570727856,68.60284810729127,0
928,55.46821135585183,62.69910831506127,8.903098097106287,3.3908172021476575,79.53621933757562,1
929,48.61139190854009,62.22064491908039,3.405780655029445,9.134623726404321,24.920312330774465,1
930,86.2552877580849,74.92778590979438,4.549157410327606,6.383638270645733,75.56503165431144,1
931,74.95150074571038,50.728479281716496,8.434555396182144,6.2052639193885994,49.73450950865691,1
932,10.37457990225894,58.68462091505192,4.298705800053408,5.065421473102909,21.207494414601328,1
933,80.84033203654958,71.1639407553618,4.18599152460547,3.264901181218966,38.31319230598554,1
934,4.542259309199126,52.16459134046798,7.732275136435392,5.084400902385265,79.68561873193138,1
935,19.083822700070595,60.51923521364246,9.638111866041756,9.165529856985055,50.146920665437214,1
936,90.66277623297704,63.51159093580744,6.706069726113702,4.703901847470839,22.646385255224313,1
937,9.531035798853294,71.63556325810164,6.211535046394358,8.221601483801823,53.49694091008777,1
938,58.6998172030268,51.13699226065377,4.737417186133119,9.621834185304493,37.197406756576356,1
939,36.31268984984464,68.97159936443461,5.590204685914631,3.4390992310348545,44.939238307712124,1
940,86.65611269706412,63.29889953480606,4.150013029910923,4.19903687645823,60.754401491999914,1
941,17.855337658969507,64.64578777470123,8.713373901534592,7.300631079539642,29.278058210572066,1
942,41.794521338387526,70.94979988746249,4.196014381731709,8.431436094481015,28.381296744339515,1
943,27.589160492984632,60.34354311917737,5.575230260918417,8.937279862583015,66.97828562701,1
944,61.08889540271834,74.75999279786404,7.4076006225445035,4.3340722937593155,24.66687909575821,1
945,99.51139807673555,51.30185469816158,4.1823917635305214,6.623749032390785,61.769724746372276,1
946,73.41452307757973,62.7127948116202,5.297526609688848,4.034930342538045,20.747156390572073,1
947,87.87340251843503,68.82993845111129,7.234765938292065,3.928101295285215,79.42378441300231,1
948,76.82394961930991,72.2473754373018,6.487863779358634,9.465783801593899,79.94505121179563,1
949,27.497795927775847,64.69383433070234,8.221498424183366,8.591786517468915,51.51053411070951,1
950,93.53688306118033,68.70757526999043,7.526257588277133,7.939949573922581,23.43252479800054,1
951,39.24495438186969,58.31744993027464,8.080038741961978,4.239511483492958,58.906000175420125,1
952,36.98595283288515,69.00692258720588,5.864572392514592,3.0297366917009594,79.51219408938621,1
953,15.080307739096066,62.058677932767786,4.393796621358328,9.407714468170017,55.174638851390974,1
954,35.98373613957536,58.04362588261436,8.035026743382973,5.515118384817473,71.57501949835847,0
955,97.31391402198139,62.81337847604423,8.671719956155384,6.05592836136047,64.07015632100297,1
956,57.55118720910822,69.53841753901435,8.632173152899686,5.048240725604745,42.30017013987026,1
957,98.3293434559373,52.18417576445839,5.916924937140214,7.271203410850568,65.92126868583927,1
958,41.75230058862023,59.807596534103894,3.8694163576841163,7.265778459652557,32.96080946603959,1
959,57.30644211180157,73.0870033243254,3.332301296782418,3.5212166035611423,15.443440369267318,0
960,97.67265530662442,56.25610641874747,5.745748293560848,6.866236111155907,35.306407437484324,1
961,66.41810105714751,50.62228660845179,8.998801878539737,8.610599950785257,65.70427825962304,1
962,20.78450896994687,74.39426156507807,3.164558024415265,7.758337116744178,61.619248319022724,1
963,35.68980349975837,74.22744101910125,9.1841294144818,4.107665529536654,58.048860829626115,1
964,39.67606409294859,64.97807955451404,6.960080993471809,6.62351633555719,40.822294294210096,1
965,52.85755963639001,56.39246031309319,9.609360687057912,3.0263297712424757,76.52612637701442,1
966,29.3018358804206,58.472469449177765,5.049807588446095,7.425204300836394,25.03290501673553,1
967,52.71459801692616,73.1846024400062,3.056537740397108,5.877695824056939,40.79408805588054,1
968,80.03553491196762,56.78188200334763,4.046557260649093,9.00871512720257,81.31725524601221,1
969,19.152628636580303,67.28229342215138,7.801637584908724,5.368343426632053,52.676132434876386,1
970,31.315699687422626,52.06551700904242,3.8230860386061494,5.707942008216662,53.68608268956694,1
971,60.67276459813169,59.340677389282554,3.6908553997719435,3.379896261676891,86.49791672625987,1
972,1.2567474035231618,70.15545749984614,8.903857919737318,5.2084812733461625,70.24948136109843,1
973,17.85480321827807,69.4250655121746,9.273122709725303,3.580155453669707,58.72904291688028,1
974,17.340309894597826,70.50468485321906,8.0404404933033,5.660631056438544,70.40353746711958,1
975,48.51631867185488,56.32241692413289,7.94517744565621,8.299954412796621,61.771425379453845,1
976,42.510228307921075,52.10960925928171,6.137618596375887,9.168130703795898,45.293098782720705,1
977,80.75820506370114,73.9542289100266,7.1844028902379495,5.101292371668254,22.641898512737534,1
978,63.04075688417403,73.24237734435107,7.466740683340006,4.212912384740763,71.92741227041896,1
979,79.51804866453381,71.4532769121793,7.3058024516827285,8.356930326756537,63.268075244458224,1
980,12.28347961544226,57.290794046086994,4.3008746413336265,3.253636474365072,37.64118442057224,1
981,76.39449599770019,71.8719453559211,6.780392746435526,3.7438177594537834,82.99823574955828,1
982,92.33924025930767,50.293247244022595,9.207335168722189,9.017331951928401,23.500561405517693,0
983,43.18187421332848,54.137843125478405,7.628765396695346,7.728683071247311,37.97925512157711,1
984,29.652858294849082,74.12525936951646,5.265900136523375,9.825194035155027,48.84914100867159,0
985,48.92769000284909,62.0157525289198,9.811146287822638,4.419751129984721,16.66195044565542,1
986,75.49526239995498,73.98659621829292,6.687519706603694,5.195135693636694,84.3072478436037,1
987,40.80432607759532,73.6886458681061,8.217200756520356,6.9383404774369275,86.11639502688948,1
988,26.13372168440826,74.91649681945069,6.602858183030908,4.075394940452128,63.947537417578175,1
989,52.593890330913325,63.81730154721019,6.329877116356286,9.793879291858808,28.842120851324708,1
990,8.56650734150951,50.34987915058182,8.149154277863694,9.753776781765902,55.356048418419064,1
991,81.90091879796928,56.10191784662422,8.01719133668102,3.6678968852859826,78.98205935185905,1
992,81.08127641630888,63.347607201512226,8.672234608511664,5.849790054766656,73.10630645112519,0
993,35.79101195915424,70.52057223709845,8.3330278630079,4.371255840642766,70.85157010304232,1
994,47.316129398185524,57.09612526067659,9.670468754758026,8.647225550943743,53.87243996458091,0
995,96.95744051220294,71.1446817515825,6.681450377526504,4.2737431458341515,66.9355337929152,1
996,50.52606129164487,66.46875899895687,9.895900379714112,6.495212379303339,37.18185615921455,1
997,31.765415162603716,58.80446415369842,7.896294233167485,3.0141019544528316,18.55417455452114,1
998,19.712857714237675,66.92231280998779,5.068558591358601,4.660445337436157,73.85249215687575,1
999,18.705791053730447,57.87258215176552,8.665671962252597,9.338032560108948,85.6929538401616,1
